-2.640748690540627663e+01,-1.408928375152027712e+01,1.028916342485118562e+01,-5.110454504227652794e-01,7.530334192263405946e-01,3.871019009535558553e+00,-1.842155741030099847e+01,1.019093099774960898e+01,-2.874195744588492119e+01,1.875456780625495767e+01,-9.568242024268139190e+00,9.824232995288085135e+00,-1.317124915456458378e+00,2.326132300035303135e+00,-1.271964428078562115e+01,3.394215651343829521e+00,-4.582015923475967867e+00,1.477026760641376235e+01,7.069126731465500413e+00,-8.807139833778517612e+00,-2.712189912228182287e+00,7.310133977190692856e-02,5.707548167850141629e-01,1.132689874196524826e+01,-1.254191311764245853e+01,-4.644694187757884007e-01,-1.008463061265658389e+01,-2.701985413371903455e+00,9.745535602456202540e+00,2.063782243663597082e+00,9.727982746346219400e+00,-8.524693411870741144e+00,-1.580181026505179220e+00,-2.469511319828423535e+00,-5.270979562666576967e+00,-2.954508456640974501e+00,5.289340662388318570e+00,1.056627621752989743e+00,2.919000907099626563e+00,1.017315018273422078e+00,-3.089892845310422853e+00,-3.050927064972862368e+00,-3.232010385350879700e-01,-1.090777611829574223e+00,-3.560647149255151245e+00,8.491767759023934659e+00,3.644921397228393367e+00,4.325158659225039059e+00,3.340558081045698291e+00,-3.098615459671883343e+00,-1.107109009782678788e+00,-8.457619989754870948e-01,-3.632632105440645187e-01,1.808824908208334525e+00,2.920883810565532812e+00,-1.005388282077685824e+00,-1.905328941473083404e-02,1.501259807223415788e+00,-9.918116900579317941e-01,-6.082807868512674077e-14,
-2.296166407276214727e+01,-6.709401884393920490e+00,9.887030039578114327e+00,1.880230725153188842e-01,8.377252175214302099e+00,-3.123942073142476961e+00,-1.427639093699018424e+01,-1.307019155031933089e+01,7.130607209838354166e+00,-1.589772458442554992e+01,-2.336885768802179797e+00,1.072428365766071368e+00,3.637477265644887048e+00,7.453229687521430336e+00,3.331278299841264889e+00,5.964678353539331290e+00,3.001422491686013827e-01,-2.984472217974304620e+00,5.642360191704169914e+00,-1.463772785057576575e-01,2.606257210703850191e+01,-4.681012497337770029e+00,-9.869765584231357636e+00,8.134557064185155895e+00,7.148905585880111602e+00,2.128994520586766637e+00,-4.941872661623926355e+00,-7.984181747104916127e+00,6.805208325105809308e-01,-7.333585660699198705e+00,5.936499533998476963e+00,4.326510087786217262e+00,2.255534858371774476e+00,-6.992018138414655581e+00,-6.482909645814374677e+00,-2.195683533927918152e+00,3.108302412883845012e+00,-1.446456857495080506e+01,6.776659911250662915e+00,6.524300486387143216e+00,-8.038035493583777225e-01,-9.135469768803680113e-01,1.120859693941920554e+01,1.982955817791729247e+00,1.013563944212673151e+00,-2.242940460795061153e+00,3.388656260906747431e+00,2.598178819662269046e-01,-1.643316703987864669e+00,8.793366242147695466e-01,-4.196525855180776254e+00,6.599628227904745792e-01,-8.754247144807880687e-01,2.336432379595299036e+00,-2.403633015368834336e+00,-1.156791431722302921e+00,1.176156578650484841e+00,-2.422202857497935680e-01,9.669686117750829757e-01,-3.373343271384499076e-14,
1.148779075811169008e+02,-8.166147953707517004e+00,1.977645507046552842e+00,1.486261034974227790e+01,1.714651273219629246e+01,4.884210655467181361e+00,-1.871365218115152018e+01,-3.215127247939062016e+01,-7.364471928397466449e+00,6.213376153102510457e+00,-2.490138909400494782e+01,-8.831557197954238436e-01,4.313153334028494990e-01,-5.340738960290212667e+00,-1.444912597183875880e+00,-3.684915353600548116e+00,9.188357817966407382e+00,-5.135940568985129850e+00,8.406738407895510079e+00,-8.814825327229282692e+00,5.644154944636834870e+00,-2.018551743656901376e+00,3.047929324827091779e+00,-4.835474340981577690e+00,5.245089964741206146e+00,-3.384011318934794676e+00,5.189048450507336430e-01,9.243042830979643076e-01,-5.533212929269479829e+00,4.477640559922323682e+00,6.871147887212898375e+00,1.313400777084492155e-01,-1.027711609588764397e+01,4.345601158430121735e+00,8.720701654807225367e+00,8.764869848243950656e+00,-4.618965102610392393e+00,1.018559350219517379e+00,-2.200881266463949437e+00,-1.441093577677097670e+00,1.451197671620541252e+00,-2.586410992242426765e+00,-1.270140052172010980e+00,-5.504737792921353678e-01,1.906635398569182405e+00,-4.629390444632528467e-01,-1.457181523544100354e+00,1.658916611923134443e+00,-4.889588682565696454e-01,-1.242011888415449627e+00,2.160821278412497826e+00,3.233204664631230241e+00,-1.914256060227618184e-01,-3.237991379636993905e+00,5.753073143418068192e+00,-1.627549856771081549e+00,6.746635098315960644e-01,7.013370688320060831e-01,1.023489260356271469e-01,-2.342457824933141808e-13,
6.192013216514376239e+01,-1.384670117700967751e+01,2.418266939870282783e+01,-2.145432112962124549e+01,8.569901960173124777e+00,-2.127667024906404336e+01,-1.204704422747917292e+01,-6.708176793074623667e+00,-3.291937350487713410e+00,6.422205547895392108e+00,7.039491097195123004e+00,-2.921419562207290710e+00,-2.799911310898131056e+00,-8.051574692669598576e+00,4.341218456389799307e+00,-1.746697541232872242e+00,-6.654182447005432266e+00,-2.200206429209652814e+00,2.404536802633393755e+00,5.317209589288871552e-01,-4.357709420167305225e+00,2.587305599869607953e+00,-1.242136209690021253e-01,4.007087815380125373e-01,-1.472558962598426557e+00,-2.335419012056731969e-01,-5.593882300077642755e-01,-7.178657470570761312e+00,-3.147233166542994454e+00,-4.210779195900868466e+00,-3.236318316585834687e+00,-3.463110222492771673e+00,-6.623654265016112874e-03,9.119738688447198705e-02,-3.278321741594182992e+00,-1.755703671865696869e+00,6.148100700465688462e+00,4.346284122411607775e-01,-6.298827565599185441e+00,-1.714780935223729541e+00,-4.542922710836493350e-01,8.845564464922597292e-01,-6.558068438350300511e+00,-5.234180560614453137e-01,2.962380613720739131e+00,-1.662627293724658006e+00,6.543579077645117259e+00,-7.738761950751102958e+00,-1.115152389061074167e+01,9.682363031934778874e+00,-6.875545719115752519e+00,-2.567082639994099136e+00,-2.194642115329688004e+00,7.233749679699133850e+00,1.571237352834684353e+00,8.995055144172589223e+00,-1.056246225725102050e+01,4.176254277140756810e-01,-1.511210581081007920e+00,-1.188719261913107061e-13,
2.235153961449840310e+01,4.395133187474555569e+01,1.021541578603958023e+01,9.581921771038723890e+00,9.176025755784806393e+00,-1.389406214498569980e+01,1.574006553075844472e+01,5.013492672770679448e+00,4.420441355303451836e+00,4.941373732720693468e+00,4.197682604230027259e+00,5.319036719015112880e+00,7.891223661171061998e+00,1.750901680392316973e+00,-1.278245699363541821e+00,-2.778818298083061578e+00,8.698169940149345081e+00,-1.599392173199861045e+00,5.883665106815557877e+00,2.467093289007295631e+00,-7.891381781483086666e-01,-3.494637038976589949e+00,-1.202007428123326394e+00,1.595066912217017130e+00,-7.607328701192553666e+00,-7.698879715219350217e+00,-1.678382514356219879e+00,5.315972032493468724e+00,1.038411154154146088e+00,-1.509734235259994728e+00,3.607889938021667575e+00,3.341030638879910253e+00,-1.498162016597611279e+00,-2.723410462108481145e+00,-5.305132116415730792e+00,-1.130382774932439105e+01,-9.155489261455956873e-02,-1.474759729911276684e+00,2.651594157990646128e+00,-6.189142983461102254e+00,1.285073048210972235e+00,-1.816199039817133709e+00,5.889956337968878408e+00,-2.791300316998734043e+00,3.978493312055601638e+00,-1.081264071056263987e+01,-2.165738266553615329e-02,4.811462196108830192e+00,-2.976211580334989559e+00,-5.277290076782356287e+00,9.162281680640939285e+00,-2.565209042265852446e+00,1.034056120210905760e+01,1.496858183319069280e+00,9.735685843964770214e+00,-1.754991513518190105e-01,-9.074109027333289390e+00,2.338340577323185787e+00,1.883589325002355208e+00,-1.113475631142613054e-13,
2.445940607240337172e+01,-6.646450731848247528e+00,2.783963250606407414e+01,1.232122192285321383e+01,-2.735960359108584328e+01,-1.370555517509317589e+01,-2.973881154999366672e+00,5.740952509528541192e+00,7.319922915117733631e+00,1.584466837032958431e+00,-1.099537821674389848e+00,-3.936863648131216475e+00,6.274877992445763830e+00,-4.487318953593498527e+00,5.545508441209566541e+00,4.617951599799350881e-01,-6.953828507596913511e+00,5.837900547330215240e+00,-1.564321811319636879e+00,5.526570946075356261e+00,-5.598251916380074356e+00,-4.200713601665483132e+00,7.109653480455377927e-01,8.102602349193842812e+00,1.846567415915169708e+00,1.860601259624707238e+00,4.808423197722736298e+00,-1.001031798701290931e+01,-6.354425705432833915e+00,1.109279784361094645e+00,-4.940951750484544824e+00,-2.156420717246918972e+00,-1.958578537904828165e-01,8.973460197508050129e+00,-1.875287226229229276e+00,2.296635404011602155e-01,-1.739780825966652233e-01,5.498246291850923839e+00,3.442618212588524962e+00,1.864341266637449535e-01,2.987567783238556096e-01,-2.852753551649796826e+00,3.217156683916643889e+00,-3.158156792879468266e+00,1.673469614157919727e+00,-2.045764368162124480e+00,2.348820298414323382e+00,-3.304665411473862946e+00,-5.969444389547982510e+00,-8.003177270653162978e+00,-4.221368668444835492e+00,1.041800482367905545e+01,4.448663859485732175e+00,3.815104326745212937e+00,3.769223608044697027e+00,-5.036415850164162045e+00,1.134018090017121239e+01,9.054725356925427349e+00,2.170272003683058060e+00,-1.801267468515277415e-13,
-2.718661511486379112e+01,-1.554450068687185293e+01,3.045427275307683601e+01,1.634747490726234176e+01,2.356901971415025443e+00,1.412669668604618067e+01,-6.882196447064346856e+00,3.839739251431021572e+00,-1.163562426897247537e+00,4.955933949468959376e+00,-1.066761370554378807e+01,-1.319782172404815990e+00,4.128490571874605664e+00,8.998967038705401933e+00,-9.680708181467606588e-01,5.558750421729079072e+00,8.019413201714140627e+00,-7.832260696176741810e+00,-1.980313340463269256e+01,4.322092655143705997e+00,-2.372824629044851807e+00,1.217409723188152704e+01,3.056903440807948069e+00,-9.003795806051940076e+00,2.001480737504837570e+00,-1.153671056669967854e+01,1.103417914872854766e+01,-6.391635051452810856e+00,1.232944839394565895e+00,8.750726530449691509e+00,1.801183846951266876e+00,6.056690204584744275e-02,-1.815553764047022622e-01,-5.679036939408516282e+00,-1.035107834278730898e+01,-3.601875884672153805e-01,8.937922442380950017e+00,-4.025329756260888625e-01,-3.756185933213012085e+00,-6.044792086865359515e+00,1.385237639872856974e+00,1.390553734671865493e+00,1.919228701421554328e+00,1.487420885981238783e+01,3.554952594504258712e-01,-3.513825104646237651e-01,1.133971764158468565e+00,2.183954244904657394e+00,-2.881386864301135553e+00,-2.598834210526172139e+00,6.612579348732338103e-01,2.614367663775323702e+00,-2.306064436060798695e+00,4.594401198354947091e-01,-3.850420631351403888e-01,-1.314822371629972952e+00,-1.071608030541815193e+00,-1.635740649264556534e+00,-6.508257151734946344e-01,-4.442106404933809927e-14,
-3.201871653301500231e+01,2.185109049352801591e+00,1.567099384641508486e+01,1.449275411574562789e+01,3.266607075878870781e+00,1.312741366576156210e+01,-3.794242463345989247e-01,5.462621635057855585e+00,2.996636067021411609e+00,-1.086942946678190935e+01,3.979601089078764975e+00,-1.361751919521303478e+01,-1.226136019583007730e+01,-2.198840333763668653e+01,3.453896113369090415e+00,1.780051088717453567e+01,6.052276978697671339e+00,1.837318298381850790e+00,1.558192819055762435e+01,3.854301078062634112e+00,-2.534442053864022881e+00,1.751547713045680243e+00,2.221898283539944430e+01,2.125417838859556152e+00,2.242218449530776869e+00,-2.571550861895400830e-01,4.054614268729352489e+00,8.995905451456323476e+00,-4.735629986794538837e+00,6.390499816432029245e-01,6.499147789010948806e+00,-4.046239722618432566e+00,7.453350039069946753e+00,-9.319643394824140614e+00,3.649113058696227818e-01,1.962368710292089702e+00,3.857131176926972493e+00,-7.204478715368664687e+00,1.073653821640412565e+00,-5.412278664327252464e+00,4.930435649781571561e-01,2.823774858562085655e+00,-3.564448028987632799e+00,-5.401242382305325940e+00,1.585686924882310000e+00,-2.407310087776443286e+00,9.235944941878793113e-01,-1.505784978418182263e+00,1.640483222495406679e+00,-2.730683517562652263e+00,-3.269486546710732355e+00,-1.532934304245036516e+00,-2.307025491015508578e+00,1.849221567840306779e-01,1.276282718532589122e+00,-5.481295007045553502e-01,1.451993584042434060e+00,1.026452711827760433e+00,-8.776979295129487824e-01,-6.846086197942469198e-14,
-1.359935467389250086e+01,4.744842078335448576e+00,2.806911260167684219e+00,-1.596933269531811916e+00,-6.890863005997828417e+00,-7.109597431008036317e+00,-3.075620498390835511e+00,3.066615194978336234e+00,-9.880676517915002677e+00,-5.510222868725357159e+00,1.688632533327982443e+01,8.437321807063508317e+00,2.166681493172061046e+00,2.653148453876914203e+01,-3.021630288868046854e-01,1.652274750920162560e+01,9.271449927998734353e+00,1.657530924161438657e+00,3.737021294883664080e+00,-2.474036624101297654e+00,-7.810764905591669915e+00,5.000888366298542609e-01,1.864409647249170687e+00,-3.202183841027409272e+00,6.564948980651648114e+00,2.865121588125974395e+00,3.095241607147116270e+00,1.025935598890741218e+01,1.012989493617289938e+01,2.716326185812602656e+00,-7.117727707067520448e+00,-4.667097150017404106e-01,-1.073588591149417049e+01,-5.200928485795157208e+00,3.431917941811885697e+00,1.088874264582485374e+01,-8.016594388359328249e+00,-3.470334007760860651e+00,2.192158396051553382e+00,2.938286326244250901e+00,4.973206686782607910e+00,-5.554241035935356230e+00,-2.806299418913521748e+00,-6.401048276148770810e-01,3.713814021090408590e-02,-4.625264671003967543e+00,4.414559231177190846e+00,7.879770424476376656e-01,1.730589561198949689e-01,5.620205893078858317e+00,-2.207144384642916624e+00,6.990522549153799226e+00,-1.463709988281312047e+00,6.684970903600093273e+00,3.540590327886671940e+00,4.804884397934303109e-01,-4.911822555694940196e-01,1.763235190582926215e+00,2.300130985249895510e-01,-5.159934979293012702e-15,
3.643011898418572514e+01,-9.814002637475899959e+00,-1.814476329715255964e+00,1.381603783437432220e+01,4.547272679403312168e+01,-2.150909671676669177e+01,2.839707067069376478e+01,2.578081273329592449e+01,1.251033571091710961e+01,-1.000412761933797157e+01,-1.963056443134946960e+01,-8.825421706281039391e+00,-3.070280471610492334e+00,1.110271872492237044e+01,8.860328489267052632e+00,8.024222869124018942e+00,-1.345532577087804960e+01,1.005208734123257308e+01,-4.057480424426215038e+00,-8.860612698356710837e+00,2.862300526735229944e+00,4.100373968045823436e-01,1.178020186140267711e+00,-2.194474232128744151e-01,3.953357212325245285e-01,3.172352843264867772e+00,8.612424484661213020e-01,-5.305479638976783541e+00,6.350781272697459734e+00,3.891439145547457290e+00,3.636617203635522877e+00,-1.047410525637346046e+00,-4.562809803715198065e+00,1.410269744302347528e+00,5.783802636957250165e+00,4.014200609659745567e+00,4.011254489966971093e+00,-4.958076782132156413e-01,-3.149443916366448271e+00,7.497467806975627314e-01,-2.769137805259415330e+00,3.864759522874453346e+00,-2.446754116718807825e+00,-1.824515957207641481e+00,1.612594000784715265e+00,-6.932628710155520624e-01,4.642532569267802112e-01,-2.520853356953902669e-01,1.948545864097607438e+00,-1.549388226368586086e+00,1.063682359599825045e+00,-4.596598375505548950e-01,-9.022586862440189481e-01,5.316821272546315980e-01,-7.275948544199976054e-01,1.906086658720708815e+00,7.851406159484702885e-01,-3.212379259022971612e-01,1.028881200151936071e+00,-1.087671619437458048e-15,
-1.879604374449589699e+01,3.883752966844339571e+00,-6.272071635450803484e+00,1.188740241800552866e+01,4.746011604015134111e+00,-7.916368964392936469e+00,-5.972120510404642646e-01,-3.456989044388995236e+00,6.618907920989385296e+00,1.381948149509420132e+00,3.048921960575017298e-01,-8.513567486860091904e+00,-3.322119536957720554e-01,4.618019363638644487e-02,-4.035984150132703618e+00,-6.392376891310755482e+00,2.324285538128848749e+00,-5.310019175125451518e+00,-3.680641724180076846e+00,-3.819044050182591299e+00,-2.194990028345795263e+00,1.581345193768729018e+01,4.181342525070439464e+00,-2.503822641485607292e+00,-6.991721049068160276e-01,-1.306875911324445738e+01,-6.547860198836213286e+00,-3.593636997619699125e-01,4.273711444866869158e+00,-1.444515574736616337e+01,-8.958559287518278680e+00,1.126463602629174510e+01,-9.465881763032415463e+00,-4.181796470930692067e+00,-4.297614324485281578e+00,-2.956347960368174377e+00,1.019539456722206250e+00,-3.204985350719781412e+00,1.009272624663541329e+01,3.439790658377623433e+00,-1.112796968813769993e+01,9.476314611128328069e-01,-1.100304917483288669e+01,-7.833085897684576082e+00,-5.921538647753077811e+00,4.168411642526460348e+00,-1.739964868343551796e+00,-2.296437534951216719e+00,1.527604748282699043e-01,-1.945696382549017001e+00,-4.630595029603286505e+00,4.412345206504308948e+00,-2.307289307792451949e-01,-6.979448394555268997e+00,2.276653313888933106e+00,2.930363388595654262e-01,1.346961166545167288e+00,2.414185557797590587e+00,-6.031142537422312655e-01,-2.325223347199312229e-14,
-8.546896522539299212e+00,-1.972071136537021019e+01,6.955627620226996655e+00,4.722814610437354510e+00,1.049841069484888934e+01,8.954448239258674391e+00,-6.084471535685243460e+00,-6.764332090830683653e-01,1.021458867116548674e+01,-9.557020468009193692e+00,3.023900538568859275e+01,4.913764831582907999e-01,7.020735086631958444e-01,1.761393310360433873e+01,-1.560528493545842821e+01,-1.652937243887334873e+01,-6.234178808903953595e+00,-2.563142739792012570e+00,5.655123619493506837e+00,8.030201299141218385e+00,-2.710622333403613915e+00,-8.437765590741221899e+00,1.047784260824098190e+01,-1.113234296072050933e+00,-1.617602394755663475e+00,-1.067490937745513158e+01,-5.592848851763425166e+00,-1.327289158824814308e+01,-7.692128430523381688e-01,4.980707867124066546e+00,1.489781241284225466e+01,-2.593530507089538140e-01,-2.119567553248736580e+00,1.251893708659724547e-01,7.974645850264741931e+00,8.745383294533346508e-01,-1.944087211854262476e+00,5.467772883628245761e-01,-2.983373379267243664e+00,-1.587386165564693918e+00,1.210484993578014423e+00,2.961696655804770817e+00,-2.712309658627417797e+00,-3.198681364660549420e-02,-6.903249234895136865e-01,-1.165480054644735475e+00,-1.854445823064360788e+00,-6.172500700412761887e+00,3.400819927865702752e+00,-1.762473934284172206e+00,1.065221758025168164e+00,9.673341606253774705e-01,1.601699891811840137e+00,-4.089830399278738815e-01,-2.680117171453654024e+00,2.404941987797608594e-01,3.707471304319027161e-01,9.560363945695644627e-01,-1.073360238805684652e+00,-2.132495569018288961e-14,
-1.878490030304037717e+01,1.236870422688680371e+01,-1.145773348875506414e+01,1.093992319135793423e+01,-2.870417844362027182e+00,7.270960951279675122e+00,-5.288056774492911671e+00,3.022750648996622935e+00,2.632186904903639935e+00,3.734230258211434506e-01,-2.927503290445954587e+00,4.040249770166676413e+00,-4.737684802090523561e+00,8.383441436206508612e+00,-7.918797667093246950e+00,-1.439609642650780508e+00,-1.232532535529846918e+01,-5.653468498210912907e-01,2.148816604532170604e+00,-2.359698027316741165e+00,8.795784199250159530e-01,-1.316536967947335102e+00,-3.377008569124935189e+00,-1.300106649205203135e+00,-9.625202335564480904e+00,-5.450422293476799851e-01,-3.517984310613233134e+00,4.926164398333938266e+00,-1.611955353540610858e+01,-3.987673293939395514e-01,-9.179087747512440387e+00,-8.045601211844362333e-02,1.090016548291509579e+01,-1.072476738057571044e+00,1.006419635302362864e-01,2.114539388523384389e+01,1.278932687116445699e+01,-5.391980034500965857e+00,1.187092518519373474e+00,4.796589439206610628e+00,-6.852577415050722376e-01,-1.189758694103828507e+00,-3.190675679854783287e+00,4.776301448278213790e+00,-1.362827206142547265e+00,-6.842183129324123092e-01,-8.940011184637294051e+00,1.286882328774547224e+00,-2.663628629579815943e+00,1.787361072168542231e+00,1.726215870848175848e+00,5.262050977825096787e-01,8.094678205270552596e+00,4.956012873443535471e-01,3.194838125188686817e+00,1.219291148919652512e+00,-2.939327588487255394e+00,2.441911875600650372e+00,2.264178768462162150e+00,-6.098073435101269979e-14,
-2.650305209129045281e+01,1.215485719825518984e+01,-3.056987566847871651e+00,1.758372177713449558e+00,3.784836997660395497e+00,4.203916641228346407e+00,4.739604662732532780e+00,-4.668215275849387780e+00,-4.454388405455216748e+00,4.590428425033333149e+00,-5.384999370538629648e+00,-3.014161587320315916e-01,-1.229379461323991585e+01,2.440712196803890066e+00,-3.246513924278469077e+00,1.238031485890363381e+00,-1.020721674926726408e+01,-1.180618119557359957e+00,9.080094987275274532e-01,3.329493573440885701e+00,7.522345769202448906e+00,-4.678448052422820247e+00,5.333499439841995482e+00,-6.793142975700455999e+00,6.506856876165587611e-01,-3.155992944370302755e+00,-9.195014832894786716e-01,8.464760381815709778e+00,-2.877871948829512361e-01,-4.917454905545845634e+00,-6.703824685742278966e+00,1.070683242944947011e+01,3.992456772303209167e+00,3.114815867598912824e+00,3.088469462530785137e+00,-2.663706759800607005e-01,-7.994245329643790754e+00,6.150091788754078692e+00,-4.187268048854104308e+00,-5.466080103372267907e+00,-7.024852534987221730e+00,1.311208714009565179e+00,8.111200292304259207e+00,9.409645186102761016e+00,5.630808804269742396e+00,9.583184818289653961e+00,1.469073899773847280e+01,-7.281519718545997222e+00,8.635964350189745176e+00,-3.454314571843719150e+00,-4.336486632243535588e+00,6.558787282143974107e-01,5.527915045834530972e+00,4.464043618891229137e+00,2.244547350497707150e+00,1.004131450378796586e+00,-2.430834742591055697e+00,2.505231064466280078e+00,-2.026742788633036640e-01,-8.474124180146702656e-16,
-1.679518221776335452e+01,1.197137596360700762e+01,1.723316633085285332e+01,1.961647799295646166e+01,-1.424042640555855321e+01,-1.181221759632445512e+01,8.785971514661566673e+00,1.491248262021255488e+00,-2.463764837965257470e+01,-7.097973909908898094e+00,1.037503410360926814e+01,-4.860666612686700638e+00,2.842363788703931249e+00,9.804839069499925452e-01,2.463714122285471486e+00,-4.138683678582657066e+00,2.155529927070806373e+00,6.485742091306211599e+00,1.089658157821583018e+01,-8.535024902805961489e+00,1.015042114973097576e+01,4.675272811185524624e+00,-1.008714902515621681e+01,-9.298494657640876682e+00,-7.521943495457988682e+00,-6.914279507798175572e+00,7.366767102464526040e+00,-6.419514189760671563e+00,-3.858110281248502638e+00,2.944198668028126242e+00,-1.307518079270710487e+01,-8.196691638632332300e+00,6.311216037898724762e-01,-2.205371842599061605e+00,1.200242977014799273e+01,-6.564230109296687488e+00,7.215862178208451994e-01,-1.488290315385821128e+00,-2.979265981124808782e+00,-4.801448067070380965e+00,-9.944110167991999649e-01,4.197552750897287410e+00,6.703587511528973586e+00,6.224926841063629368e-01,-3.441119056495423600e-01,-5.882226778671367784e-01,-6.504247189548959085e+00,-3.725824702697917878e+00,3.855567679439107387e+00,2.355793434745129478e+00,-4.288502005537541351e+00,-2.048752757190916540e+00,-5.905550507539934380e+00,-5.186055037445512106e+00,2.490922607314420389e+00,-1.515146065461710156e+00,9.614383385194213982e-01,-1.380796483857377410e+00,-1.007556701440637942e-03,1.512592134877976946e-14,
-3.056524860044197567e+01,-1.789315670747366482e+01,2.273848630517863967e+01,1.209636482393200474e+01,1.216631115359955162e+00,2.411606726839625026e+01,1.760968447907157497e+01,1.203924228478244984e+00,-6.895903312157528831e+00,6.482903556988350857e+00,-2.896825506216509805e+00,-3.620011191114434812e+00,1.545338437893100103e+00,9.143001506148895619e-01,-8.439330851754002438e+00,9.043740312960029115e+00,7.820766166308991352e+00,-9.373970229047024816e+00,-4.599555671186537964e+00,-3.101257074396724267e+00,-5.444235295886018733e+00,-1.643344454537302113e+01,8.727012358317776108e-01,1.293661016998426483e+01,-4.307775746012402429e+00,4.232930599013114303e+00,-5.067195858206585690e+00,-2.992800824711230323e+00,-1.278624994407087456e+01,-3.647872474236478979e+00,-1.155593780191076192e+01,4.750724684492576344e+00,-1.299567098080394345e+01,7.264711370150594760e+00,3.944030574730004624e+00,-7.058914381602904520e+00,7.276723858277968082e-01,-6.085115647608481559e+00,-3.838150686292885805e+00,5.928437606065458887e+00,-1.419237625990411145e+00,6.051295152517475628e+00,-3.531601273367142024e+00,-1.731010788776570775e-01,4.424325221287690013e+00,-1.153406652043890590e+00,2.266365100693492174e+00,2.527381766904793103e+00,2.049636021829354948e-01,1.780831365572506098e+00,3.149681319462189766e+00,-2.307425282411695200e+00,-3.533867188654590930e+00,1.263599177635919446e+00,-4.404285364798277591e+00,-5.286474374803772358e-01,-1.496867081047996484e+00,-7.462515927442828767e-01,5.431176452112708164e-01,-1.843143693225357538e-14,
6.152434025062961354e+01,2.046341716252965881e+01,2.386319241619426990e+01,-1.622075918964528540e+01,-2.627045761208769648e+01,1.185678984061795305e+01,3.883703102837108290e-01,1.641544235060064594e+01,9.999513110140442862e+00,-3.095721992823336155e+00,-2.996430139718155417e+00,-1.818580634184398903e+01,-9.667665440255166942e+00,-6.590876351110690479e+00,4.855356031625386315e+00,-8.182433787392067615e+00,-2.675519214804188195e+00,5.966847512128758524e+00,-4.810101429385131411e+00,1.091848239698508394e+01,5.832815993611473182e+00,-3.728889048680561924e+00,-1.083451301930217880e+01,4.497147172662366188e+00,-4.688683646518255976e+00,-1.578899105551806237e+01,-7.465076918542725259e+00,1.307850577103408973e+01,7.145886556032384540e+00,3.131025992558550630e+00,2.317896097663121324e+00,-4.219546331196206701e+00,-1.092119457346936429e+01,1.676174224592175355e+00,-2.654349943680164858e-01,9.121923546089321988e+00,-3.565770633798327260e+00,-5.834983540257502987e+00,-1.417339463564968094e+00,-1.556177259276641522e-01,2.313199022163394680e+00,1.357011836905786639e+00,2.204630468396333143e+00,1.254189711128269602e+00,-4.418357061913559258e-01,2.240576593835754249e+00,1.563960647733807274e+00,2.445992929801493521e+00,-1.089234122311870223e+00,2.962840237522395892e+00,-6.290492116032990744e-01,-1.870635351280643954e+00,-3.230625133513401082e+00,-2.344348484835144575e+00,-3.442691103318281431e+00,-9.007658732723853312e-01,-9.092820928506255562e-01,8.774397184413156303e-01,2.491080756604275442e-02,-2.447657961729410303e-13,
-4.252297517374231717e+01,7.546442304626534980e-01,1.809935383285396826e+00,-1.661642605028506381e+01,1.076315123078381397e+01,1.379668583289882733e+01,1.166418479992913149e+01,-1.765026227358437838e+00,-5.041340200511774228e+00,-1.028382266955501478e+01,6.030672690691834426e+00,-1.485130363085623273e+01,-3.644549248795342589e+00,-8.699642128216042991e+00,1.007614161515029139e+01,-9.572563004556743360e-01,9.466320671847826773e+00,3.204503753312369696e+00,4.185735882772516625e+00,-7.126720588041570714e+00,6.812398289199846246e+00,-2.535809620459526847e+00,-4.669528522790170832e+00,-1.386445356126441153e+00,-2.759599642148843568e+00,4.112202155761682576e+00,-4.069596448728710847e+00,-4.765494892186016074e+00,-4.899294981429851426e+00,7.601958509395600139e+00,1.517678834850462843e+00,4.831341643041312750e+00,-7.856805618449982376e+00,-8.477575524742521296e+00,-2.527356605901604603e+00,5.419217807422150868e-01,-1.344933545377336115e+00,1.826343360650306735e+01,4.941864632024683068e+00,2.004812739001698763e+00,2.792980036603371019e+00,-2.201020183805880492e+00,-5.058062898454345202e+00,8.140820512778653040e+00,-1.419248956002041773e+01,-8.637945429228447436e-01,1.529658438713970892e+00,-6.777487517736623390e-01,-3.777631364599313368e+00,2.022841064774332231e+00,-5.900885509702264997e-01,-2.016946296169151331e+00,7.534028216895394259e+00,2.757308896811355492e+00,-2.860551955277509939e-01,-9.742712634453498666e-02,1.214362120164208525e+00,1.791205407019460960e+00,3.587038851781603199e+00,2.657745985096271468e-13,
4.912109750257646823e+01,-1.480681606028270814e+01,3.677965612006250495e+00,1.495296169786758167e+00,-1.749308590842382571e+01,-1.924821699972342515e+01,-6.778041864895618218e+00,2.132218721433331154e+01,-2.150472612141385653e+01,-1.164528973155883662e+00,-3.311229189718900012e-01,-2.328784682466845624e+01,5.153426814614626927e+00,2.972925797744619292e+00,4.122288457895924907e+00,-1.502047103658732041e+01,2.709001503925343002e+00,-1.363988721883077382e+01,-1.087554783104176259e+01,-1.129989682916464133e+01,-5.943843560452412300e-02,-6.784616987145195566e+00,1.039181523165090226e+01,-5.460260364371219310e+00,4.423565430515604469e+00,8.862340321002697863e+00,-5.634515003824147605e+00,4.131094311606106073e-01,-3.218179096471237344e+00,5.115111383391620636e-01,2.637981840493905938e+00,2.124621165518913557e+00,1.188564509555050286e+01,-4.501047945546233997e+00,-1.758135643501912870e+00,6.583487559817864654e-02,-7.994412230596127600e+00,-6.500997375204199180e+00,3.785788724217875600e+00,5.811706112586365602e-01,-2.385313059707804939e+00,-4.399647340987778321e+00,-1.988673200918200656e+00,1.339857482390701238e+00,-7.751186269938481477e-01,-8.505944884235049352e-01,1.406509158305072171e+00,3.372880080961888627e+00,3.675694410323067984e+00,8.212000988774824650e-01,3.200871655463468191e+00,-3.207724165855197818e+00,5.247620981006169139e-01,1.461105553045328298e+00,-1.949050216420854076e+00,-2.265336110355423482e+00,-8.316979687718207837e-01,1.458811994658311351e+00,-2.691443464444849831e-01,-2.556097694617065486e-13,
1.223814655955952162e+02,8.764118231236011525e+00,-1.476513993163334604e+01,6.340581345069413288e+00,8.766552042563075631e+00,1.321986453137672868e+01,1.256453269772819326e+01,-9.911481717269042591e+00,8.176638281387617724e+00,-7.236471823238371570e+00,1.461987906923877212e+01,-8.457567358226633303e+00,-7.762456948795266598e+00,4.322476882442692236e+00,-1.385837506175488087e+01,2.761113281868072811e+00,-4.981226974429288634e-01,-4.813226503002494994e+00,5.164791018431526659e+00,-6.227595520583232513e+00,-3.511773106705538439e+00,2.928352686694513540e+00,-9.453730636490762507e+00,-9.147493837637163949e-01,-5.547361022214028381e+00,6.627117499050536154e+00,-2.366551078956387499e+00,1.254167783255930368e+00,1.895895945359443280e+00,7.306750843307145971e+00,-8.128913850454962287e+00,-3.063478125273210173e-01,6.697665721187727073e+00,1.811530295110886701e+00,-9.019337338387659386e+00,-5.342134530127212066e+00,5.604297034609401429e+00,4.797595255770477629e-01,7.641174516133202310e+00,-6.848627575371121878e+00,6.856614164814269330e+00,-7.737193164593237249e+00,-1.179479841179153610e+00,-4.403390811171519620e-02,1.466524364426017080e+00,5.521138395199186810e+00,3.394967550693682501e+00,4.534049610898471250e-01,1.525146895739579955e+00,-7.378026483918058709e+00,-6.682275460320445948e-01,2.918295283747115221e+00,-7.826869990474766503e+00,1.595783727719893852e+00,-5.282857535064569454e+00,-2.721822792520440376e-02,3.045454942057301828e-01,-3.919744883643624944e-02,-4.340677050068935117e-01,-9.936756278916547558e-14,
-2.772695434690049510e+01,1.362752007019119382e+01,1.398070609029455014e+00,-2.461334616265214437e-01,6.571574248491509174e+00,5.993098606006982187e+00,1.971999117584222816e+01,-9.722909908488899688e+00,-6.361195837675208686e-01,6.044086682570109836e+00,-4.820533584995973619e+00,-2.233260577204061459e+00,4.891926101518249581e+00,-1.163863437687301605e+00,3.779602527961910319e+00,-5.597399166281793903e+00,1.363856022514048050e+01,-3.411092812476130831e+00,3.183182826589610048e+00,-4.195300345040338108e+00,4.213513138993742468e-01,-6.058403192748495592e+00,1.173511568710675412e+00,1.484509565021502908e+01,5.638725081519038618e+00,-1.069935464441675244e+01,1.351758797643750176e+00,-1.027232312695812588e+01,1.696436391567350199e+01,-1.246061061065351261e+01,-6.596773684309410690e+00,-8.461619616990901704e+00,1.598929685447807003e+01,5.265719320504463674e+00,-1.048648290256857241e+00,1.193504637550415381e+01,-3.875947275009744786e+00,3.188678665211455598e+00,-3.966879115867641747e+00,-3.924305217770468257e+00,3.092333797984370580e+00,-2.928252267449924950e+00,-5.435296110148082782e+00,2.467761405824075105e+00,-4.272739080466597117e-01,-1.319468484132906294e+00,-1.326251708465103096e+00,4.926834812219570425e-01,1.339061810624777138e+00,-7.795538969392610262e-01,-9.160560378036026741e-01,-8.238361691135011045e-01,3.065007017455578797e-01,1.368945633434576648e+00,-1.943507089746448147e+00,7.528620564262209491e-01,2.769897351985626810e-01,-1.411237678277038388e+00,4.388909041166697000e-01,-5.452409357342702378e-14,
2.771329976497323244e+01,2.075422261148521574e+00,2.533648855460534310e+00,1.039151760790586820e+01,2.418983541494706291e+00,3.810756473006104095e+00,-8.772662399593505356e+00,-2.890130552421702692e+00,-1.119738127928337823e+00,-3.230166359376821283e+00,8.269596483388610864e+00,-2.447795623966029677e+00,1.854721424097325100e+00,-1.453566334661581805e-01,7.794757442081174936e+00,-4.697084890557154502e+00,1.668587210018544820e+00,2.615273132434190462e+00,-2.275449071020883451e+00,-4.333375558121336901e+00,-4.344680354921112375e+00,-9.765644577438614249e+00,8.844162373259920606e-01,4.566489797769268222e+00,1.462128627858924013e+01,-2.890725100175552509e+00,9.658529299871302598e+00,8.864527532203402060e+00,5.960155833551232796e+00,6.376037094824803297e+00,-2.778937565002194798e+00,-7.217256284238968700e-01,3.206463352859846072e+00,7.095552698672995540e+00,-6.537923967042618578e+00,-4.173721924445358056e+00,1.279114664217506458e+01,4.543333342834517730e+00,2.403506850365614955e+00,1.679382169030364835e+01,2.370135266912177574e+00,8.641353782269190376e+00,4.530505094900650676e+00,-2.662708313809927230e+00,-6.233003182182859980e+00,3.986107969710593668e+00,1.635028318895131449e-01,-6.862155106131150539e+00,8.166941033111097425e+00,2.220852801185325909e+00,3.851959736655501843e+00,-9.354218440369627130e-01,1.553654465639592308e+00,-3.528752566652411993e+00,5.426052638210947521e+00,1.059034935910589947e+00,-4.081561090730361663e+00,6.469862148855014539e-01,-3.029465355976844521e+00,-1.873674826402549343e-13,
-4.204753707542604957e+01,-2.258569739231192752e+00,1.119590572633767955e+01,3.895988981701805187e+00,1.645430338123668346e+00,1.168453814505335142e+00,9.087723424319325005e+00,3.568143296313791568e-01,2.423443527613623250e+00,5.009752564438903377e+00,-6.580223817403673792e+00,2.369975398282931689e+00,-6.120925774757327353e+00,9.034943009027184280e-01,-2.375554667033675127e+00,-4.980397783181976124e+00,1.993491666650449412e+00,-5.732977399602729562e+00,-4.514808372783078561e+00,1.572823291444837457e+00,-4.979291878186168141e+00,7.291194346098845536e+00,-1.346509874261194062e+00,-2.291637819894564387e+00,6.514882843206763141e+00,-3.019627671792514345e+00,-9.194091435332483186e+00,6.847003621917305161e+00,6.692397023928532418e-01,1.060160968775903712e+00,4.960558957661301172e+00,-4.379803390034279431e+00,7.244807846004177598e+00,2.089947185161440846e+00,2.060376094966980531e+01,-5.938637883163242925e+00,9.638012887163510456e+00,8.029574120799665593e+00,1.302474048871666135e+01,8.031251975649468022e+00,4.119312212178332544e+00,-9.228178644165849320e+00,3.670087487154517714e+00,-4.783428129332232825e-01,7.360776367716499458e+00,-3.718302350484918417e+00,6.070796586836761044e+00,2.383335883744899686e+00,-5.650307501668367927e+00,4.001958791065688636e+00,-5.463987202051545644e+00,-6.480975633237355815e-01,2.504263461873923458e-01,-2.656320668401084273e+00,-2.600965353069397246e+00,-2.161100435253560104e+00,-3.599787306266671871e-01,-2.036403346714060092e+00,2.061256973596381492e-03,3.317832120153241249e-14,
-4.221581027039734835e+01,4.789263752548182040e+00,3.575022854102063441e+00,7.846063452185559228e+00,6.498783766352753233e+00,2.519295280888564026e+00,1.758638765293382988e+01,-1.059802730038070706e+01,9.220558021714657659e-01,8.590139254692980231e+00,-7.127989236518665450e+00,-7.247509240220171733e+00,6.296346408552991214e+00,-1.694604800173956605e+01,-1.133782956125684294e+01,-1.420745573348109758e+01,-1.940487734802427200e+00,3.473530409685414266e+00,3.536194575351698788e+00,1.155885829340363635e+01,-7.038511290897952577e+00,-5.811207275601665501e+00,-6.399184418355874371e+00,-1.666779286816900907e+01,-5.770418670723121757e+00,1.491275862944131525e+01,9.053647965030718225e+00,-3.154860232541079501e+00,9.814302773260893176e+00,-1.518600033619495193e-01,3.103698311410480581e+00,-5.505275821856238316e+00,-3.771971560791003597e+00,-5.036173729970358615e+00,-3.079274470290215504e+00,1.844924392468771934e+00,-1.308969265349066324e+00,-1.020182893294629878e+01,1.094526252891120155e+00,9.762818378371195038e+00,-3.493392616261992711e-01,-1.611040572661298187e+00,-1.378687819472168341e+00,3.102859032554523555e+00,1.590090421881898974e+00,-2.597320915819184339e+00,2.190188074499769488e+00,3.699404020033328355e-02,4.334158404266108988e+00,1.937195794707049279e+00,-2.199622733990938883e+00,6.480348561704619925e+00,2.205752983747895524e+00,-1.640674360003219756e-01,-1.111106825616735572e+00,2.739585443038546231e+00,-5.535146054146605765e-01,1.887407915719833351e+00,-4.859659378128402540e-01,8.758532094033100179e-14,
3.188598974351958759e+01,8.196995840709819348e+00,-3.779672466683206888e+00,-2.280105771879705046e+01,1.021117878719933891e+01,1.193185170482197321e+01,1.497191161035495099e+01,3.207896328459034407e+01,-5.634466072215879251e+00,4.438846691535554001e+00,4.486188263256886799e+00,3.368562883471878422e+01,-4.871183286717520211e+00,-1.369304335201398359e+01,-6.788692151113308704e+00,-9.276578193764077440e+00,1.343890042595521583e+00,-4.207107191177168914e+00,-5.187833041763345587e-02,-7.582904129308878360e+00,6.238412769726732421e+00,-2.956510370077351180e+00,2.882441384641608373e+00,-1.613861029593791407e+00,1.093253419839124696e+01,-2.898711212751116761e+00,1.088619369418468530e+01,-2.013077761250139819e+00,-8.510307647352076899e+00,-5.586071903392445748e+00,1.792236073058383949e+00,-4.244809271520674082e-02,-5.634576800591658774e+00,-7.219128743876858101e-01,-2.476678717992250256e+00,2.858307717271249437e+00,1.503182335327949426e+00,-4.014875916539064171e+00,2.744953884975376290e+00,-3.814443170951574480e+00,1.284691940835309132e-01,-7.561984500589852054e+00,4.003271033306535109e+00,-1.654321778301373502e+00,-4.141117121002094947e+00,1.801327586184870544e+00,1.487019982602446166e+00,-3.646749990248912887e+00,-1.399676130306317434e+00,2.467957286288535723e+00,-4.449517178090679759e-02,4.614248471598111578e+00,-1.747297464528502431e+00,-2.073824144065273156e+00,-7.905559802274590986e-01,2.485727415729063056e-02,2.036994653734571337e+00,-1.348292692399160275e+00,-4.972016582499009241e-01,-9.626717825672592710e-14,
-2.144206774784391811e+01,-2.892657079455205960e+01,5.595923845476921343e+00,7.270024659670805356e+00,-2.547653984620612277e+01,-1.694977975316590973e-02,1.084884100948119290e+01,-4.682374150435363980e+00,-1.377469223538605547e+01,6.141464927413148978e+00,9.294319090709506348e-01,6.029916244690068261e+00,-1.081136224856391159e+01,-2.109266586428918622e+00,4.035018388872227746e+00,-5.397265911428831053e+00,-6.247071930796761485e+00,-2.004391357466384083e+00,3.492652023872921063e+00,3.188583090522473462e+00,8.225252768870479514e+00,4.798845051050246724e+00,-4.796566039697599315e+00,4.893883779890193964e+00,1.506143575760167108e+00,5.310033427082320401e+00,7.345476040306263776e+00,-4.982166055466318716e-02,1.202813432429069174e+01,5.683868505557923889e+00,5.700001012894398755e+00,2.499845947830277737e+01,-2.211686862485381377e-01,2.784141107192149800e+00,1.602271590193207862e+00,2.465211125945180104e+00,8.456343073272002187e+00,-6.001692519674608484e-01,-1.283150734246521374e+00,-6.758929131359533216e+00,5.478694930775756866e+00,-1.171753240471729463e+00,-7.197705182022127168e+00,-5.364899626039275837e+00,5.564208778436252167e+00,-2.165967010784955793e+00,-4.408841336373424014e+00,-2.079191632651435917e-01,8.545808337883158412e-01,2.568092077272553730e+00,4.021198421969905290e+00,-3.901631598842986826e+00,-3.938485525462051551e-01,1.282789175033080209e+00,6.391379899598731429e-02,1.978485940162088674e+00,2.137170051433743723e+00,2.485834746839551634e+00,9.899294561350783228e-01,5.344336084789347296e-14,
-3.827060094755875497e+01,1.116328206267166756e+01,2.902660321078760486e+00,1.286679129929139132e+00,5.698963848645153263e+00,-3.710098028276446414e+00,-4.713238354883241499e+00,-6.495569090838685611e+00,-1.255808692994453413e+00,7.218945853218953879e+00,-9.294543311315782930e+00,7.762628523272487868e+00,1.874308665310760125e+00,6.284859319884316342e+00,-2.183363312461808814e+00,1.660493052468898778e+00,1.055800824450668784e+01,-1.848131069929463965e-01,-1.233422999766317929e+01,-1.617691233695839115e+00,2.180506564833437189e+00,-5.023191794446408842e+00,-3.882083853717085198e+00,-8.057130055377442091e+00,-7.345995289668666217e+00,-2.973656400612923467e-01,3.733732872006385151e+00,5.549346770437961318e+00,-1.089919608831155351e+00,8.400084012930246757e+00,1.707236774591132100e+00,-2.711068041716603982e+00,2.541832651849957436e+00,3.272257161476209486e+00,-2.097735224272808008e+00,3.608397075020762568e+00,-4.705735103239302219e+00,-4.608125033393753789e+00,3.795075955010901669e+00,-2.421891796579509926e+00,2.864551712259174820e+00,2.983222819641716317e+00,-6.008014926846438897e-01,-1.594803133846291310e+01,-4.696549317514189248e+00,1.095442365293006315e+00,1.853272229957188211e+00,-1.456102176302613671e+01,-5.453380432500222419e+00,-6.524276687418748111e+00,-3.780016022811159004e+00,-1.019120384860090489e+01,3.585213919531927473e+00,2.251129226736672262e+00,-7.987744657981212804e+00,4.546969786946993275e-01,1.844994003582060671e+00,-9.385367476570726231e-01,2.956580740281141928e+00,2.421760708637421544e-14,
-4.882011475895153829e+00,1.116792157665722662e+01,6.020806979196808406e+00,1.990393135427214233e+01,-8.941559792438672716e+00,7.871753039246214279e+00,3.613540646492875652e+00,-2.817017117431526163e+00,-1.662284237589870317e+00,-6.705188599213387501e-01,-2.998882585370200804e+00,-3.813092913640177439e+00,-9.458297424289042965e+00,-4.782553611559142936e+00,1.444199585677726327e+00,9.369869007966554975e+00,-2.251389926893490046e-01,5.796795927421774408e+00,-1.131004747353507867e+00,-4.941685755640957134e-01,-3.601277744199026465e+00,4.146444770929417878e+00,-3.575530032539054326e-01,-4.193711268020682503e+00,2.163986226458154860e+00,-3.480330971507634708e+00,-4.864151950478661668e+00,-5.692948504696441425e+00,-2.669434038442197732e-02,9.273480937464000373e-01,4.426810572721653791e+00,3.145760546413978176e+00,3.834765954118443787e+00,1.882188932743948717e+00,-2.007468913838801772e+00,-1.160408054466383287e+00,-7.493402886975140120e+00,4.697006535732786148e+00,-2.197333894371799268e+00,4.555036959045072997e+00,-1.023056166374070131e+01,-8.266974434957067075e+00,9.928458110707163442e+00,-7.544979523698567725e+00,-1.449205648502898347e+00,2.912145401177449688e+00,-1.216895127054047698e+01,-4.112088707934486997e+00,-2.407951024480536439e+00,6.123860873067984656e+00,9.436150439787603261e+00,8.909733827558850905e+00,-1.027468594850817318e+00,9.032548805667792280e+00,-7.725725895333371618e+00,1.307086888339804354e+00,-6.255319316294558618e+00,-2.851143316151007134e+00,-2.197852787898913807e+00,-6.467092486528436268e-14,
-3.163552576007370831e+01,1.452803892633856542e+01,-8.167094504769275787e+00,3.632640823494112325e+00,1.700856237742177646e-01,-1.295920392984901603e+01,1.189954094265399887e+00,-4.960261135035250568e+00,-3.602080980102807750e+00,3.852849061927647423e+00,-7.381976383655302065e-01,-3.224622891734712393e+00,-9.471009094377590642e+00,3.724867045275972011e+00,-1.354896107517340020e+01,-7.244227777922158662e-01,-8.641628196748094126e+00,1.215620300427503242e+00,1.457371488716063146e+00,-2.830417487498343210e+00,6.813300743509816293e+00,-5.039238007326490854e-01,1.211208512076009569e+01,-4.955001053314247450e+00,-3.570553691281632691e+00,-8.695755298542269252e-01,1.840449263443405092e+00,3.914683564787494241e+00,-1.487719318944777935e+00,-2.352699136135644853e+00,2.058032905222911602e+00,3.392387258134895500e+00,1.871784999435941677e+00,1.249169042945366925e+01,-1.110910052132816794e+01,4.463027841641767357e-01,-2.699415262276456229e+00,7.618326519374774897e+00,-6.659962501899979515e+00,3.437711604829108758e+00,5.561499165806150558e+00,4.396234523679351192e+00,5.737970737162804369e+00,-3.150657666250016753e+00,-9.173150920474645531e+00,-1.347131082551628367e+01,3.385376896490476462e+00,1.038718661770229801e+01,-3.878951626518613693e+00,3.312163637381334791e+00,-5.410229570133305188e+00,2.060735877223846213e+00,-7.848423579431112351e+00,-5.195199292362019605e+00,-4.081653196795274496e+00,-1.277009326656598720e+00,-7.701687866330975130e-02,2.017861425065222911e-02,1.304100604801815333e+00,-3.222552433235215119e-14,
-1.499760714304439979e+01,-5.554181750103245108e+00,1.991496724715547018e+01,2.889630369529601062e+00,5.780802058612576566e+00,6.960611245035728256e-01,-1.143260206123622247e+01,1.012719101423253676e+01,1.269086327154055915e+01,2.713243165052084294e+00,-1.899465535913025915e+00,-2.567901649205859727e+00,-6.634826756639815581e-01,4.680402252789751749e+00,-1.216477294178193524e+01,-1.051054593903504042e+01,-1.896059132199720887e+00,-1.681243016671121993e+01,1.107270460045298321e+01,-1.306436114095353984e+00,9.409639557370111929e-01,1.366058070269842517e+01,-6.210169698564915741e+00,1.606783801796267852e+01,1.632868737768125467e+00,1.481908251952352451e+01,1.210967856715629765e+01,9.359583425216046138e+00,3.753634733192054984e+00,1.849253495035105166e+00,-1.631406172020137380e+00,-5.134855179356399901e+00,-1.889671729285151036e+00,-4.699930825054327244e+00,1.760109544605714449e+00,2.498887101959459844e+00,-7.364823115405424225e+00,8.561395368323035271e+00,-1.467878510042141427e+00,-7.144287656075298809e-01,-1.007395634701379628e+01,7.307497396367223175e+00,3.903937081913791296e+00,2.677937526356068965e-01,-2.215939672724668852e-01,8.460590818122999679e-02,-3.604066680927937139e+00,-6.059802398942706336e-01,-4.184677417230808771e+00,-2.344443671577268073e+00,7.319807985729297473e-01,-1.642064299594712562e+00,3.595330889830871124e-01,6.260355582496386628e-02,-2.452960714658013686e+00,-2.405683087521560459e+00,-2.423313457779082025e+00,-1.039811191176295280e+00,-2.003989476782707668e-01,-5.332886909847900370e-14,
4.464405032744829072e+01,-3.660069968743238888e+01,-2.578879562822482896e+01,1.852613356721176174e+01,-9.156935850979563085e+00,-2.974194706070045768e+00,-3.843651465192860606e+00,7.330662245325817672e+00,1.227082092368707755e+01,9.036652810547751713e+00,-1.167607879813598037e-01,1.019617481564009509e+01,1.515141708565514023e+01,-1.832428223357596586e+00,-5.313034540948911033e-01,1.755641228681658728e+00,1.182510702298679384e+01,1.135032617367376417e+01,9.764040907240240097e-01,1.004117816356842852e+01,8.338280062160350781e+00,-1.382510976458208596e+01,-2.130148103744898824e-01,-3.385150748551331468e+00,-6.587146444820740854e+00,-1.326176672435885884e-01,8.334887585071732996e-01,5.685189020227864098e+00,8.827108863746513379e-01,-1.145594209907760508e+00,-8.096990953101081967e-01,2.909984192755076027e+00,6.203717337120187025e+00,-2.874837574194006429e+00,3.261537964479786389e+00,1.544191602197104052e+00,1.833246565387651517e+00,8.260968779912497340e+00,1.024561977838868643e+01,-4.927995076627805560e+00,-1.247256294897826301e+01,6.399723730552412171e+00,-3.902519921985025952e+00,4.450705245804124743e+00,-2.121706922179229515e+00,-4.587949261101328169e+00,2.483077795334921234e+00,2.284382466346856211e-01,-2.672099159682294278e+00,4.322481915397956342e+00,1.979232416085997537e+00,9.142908593587867339e-01,-9.027670264733080430e+00,2.088548296772345658e+00,-7.136266679365239618e-01,1.360414480167058571e+00,4.432853549362207879e-01,-1.398249830024316909e+00,-1.886631179700803962e+00,-1.702665786140755699e-13,
-4.469902096191502139e+00,-1.231769279706456466e+01,-2.550852013007102670e+01,-1.175843560997010151e+01,-1.234876712860010706e+01,-2.946985384446362488e+00,-1.388367048433660678e+01,1.112583315897732206e+01,-8.187621230606888290e+00,-3.990359212256102239e+01,-3.041400633133055820e+01,7.592596713963228439e+00,-1.204538670618716978e+01,3.252942526351273678e+00,-2.899473088591059344e+00,-1.706918399943691433e+00,4.941008950022463431e+00,-9.782438542327737352e+00,1.003292509097536289e+01,8.858791241735472610e+00,-1.534485018098610176e+01,-7.181352341936381833e+00,-4.155556770189292592e+00,-4.142645427047077611e+00,-5.790824478070859982e+00,-3.916605092719696035e+00,2.452856241726640185e+00,-5.646599795729205340e+00,3.631457787352292410e+00,-5.503260356770809381e+00,-2.613097561148989723e+00,4.370208208245147663e-01,-8.103288782952364766e-01,9.370786506398031124e-01,-2.707457376352736755e+00,-4.297804500089452695e+00,1.282385924386166165e+00,4.068844448330343866e+00,8.375001557439274436e-01,1.317300252118768222e-01,2.216993299762185288e+00,1.472911609648988263e+00,2.130700523749114450e-01,-4.500433565240162803e-01,1.262311077310245722e+00,-1.770425412801858167e+00,-2.408455849548640781e-01,-1.786474752295506896e+00,-8.034748224817862827e-02,-7.187758809415294159e-02,8.328111341520844091e-01,-1.240471808540193344e+00,-1.611827230841487157e-01,2.088925074059664322e-01,7.733286471044377164e-01,-2.221111650762081779e-01,-1.184322960668023200e-01,-1.257577855196956085e+00,5.275851762924363975e-01,-4.361094818605693035e-14,
4.460914405288562534e+01,-1.981705103987676253e+01,-4.150274907770031518e+01,2.997065427308458041e+00,-1.364858271830689418e+01,-1.506770465185724328e+00,9.006195427711237045e+00,-4.924445442599618694e+00,-6.637298656958268595e+00,-1.122628572340246267e+00,1.593136221090666638e+01,1.041930986169689710e+00,-1.225955298645867231e+01,-3.903437497817950685e+00,8.021963555856711281e+00,3.965629971476302362e+00,1.355585676862723510e+01,-2.175778163102659590e+00,-1.060266373439789156e+01,-5.171550330153745101e+00,-4.687427927347276757e+00,1.520707353668361961e+01,-4.049921460202578594e+00,7.477684647928872330e+00,-1.317263617426341860e+01,3.438920875371637820e+00,2.316124309828526684e+00,-2.317556588945236307e+00,-1.491973134016066238e+00,-8.262472219477144719e+00,1.281904622049474618e+01,-3.704485683900498039e+00,-8.842554061496479267e-01,3.915173093043268437e+00,4.296918859011257474e+00,4.812273695588977773e+00,1.841857409702010173e+00,-4.486910359767778189e+00,-3.874107682158822730e+00,4.062584535093681559e+00,-2.840819027393656881e+00,7.999153628377841052e+00,7.089778990143634552e+00,3.627021193955953127e+00,-6.231296266901378278e-01,-4.441519315187048456e+00,7.176545474508108313e+00,-3.054723373453439805e+00,1.735607086326933945e+00,-1.849123371071588418e+00,7.849030156692837767e-01,3.338397319584069933e+00,4.972216538526978979e+00,-1.398692983871451911e+00,-3.853940362350530835e-01,5.289220863808505868e-01,6.104035426518574781e-01,3.407695644811790103e-01,6.997375746424926435e-01,4.236194728335362925e-15,
-2.033793397196705044e+01,-5.720727318159251951e+01,-1.443303601232446631e+01,-2.694296302838979784e+01,-2.509030219199348366e+01,-1.114335769477151183e+00,3.339027408617592130e+01,-1.695903135899106573e+01,8.413902279115800908e+00,-1.613967771774856175e+00,-9.777326876153363600e+00,2.408128777526475250e+00,2.188015047268278579e+01,4.096138135129812063e+00,5.839599280082842903e+00,1.186131664713142131e+00,-1.229718434429304530e+01,-7.803951434490457473e+00,9.491976294600959818e+00,-8.203586095192106242e+00,-2.588174352972396175e+00,3.583799335860382129e+00,9.223889710275296139e+00,8.858809511018844729e-01,-2.883681924187971202e+00,-8.235036448686525290e+00,-5.561748124214926925e-01,8.651951197197943699e+00,-2.729087621600771563e+00,6.668206784840105428e+00,3.222726434122189954e+00,-6.033974695119050047e+00,-2.080721297732488484e+00,-6.238423515458019902e-02,-5.415665519501482450e+00,-2.239164030432107655e+00,-1.202674283883567785e+00,-3.244608586253429294e+00,1.583266311794433223e+00,-7.247104740077440210e-01,-8.133179158017381782e-01,-1.228121289364405566e+00,4.708655882561409101e+00,6.985975220419500253e-01,-1.571569743292040577e+00,3.954108157773192467e+00,-2.381089401632991098e+00,-1.911348314754708788e+00,-2.412118722996136888e-01,1.961403811818477783e+00,-1.140759880887262323e+00,-1.876959120245619006e-01,-1.320273994287636532e-01,8.721703951122934395e-01,4.514166510882137717e-01,-3.257367444628816444e-01,-1.570824023244745016e+00,2.367823923158860477e-01,7.624687202192090840e-01,7.263113721567293624e-14,
2.504100132641217158e+01,-4.028288271723291558e+01,-3.240885656243649038e+01,6.605505155810579510e+00,-8.310716242944808485e+00,1.147092024026038359e+01,-1.278746006103330446e+00,1.379934448603099106e+01,7.140722222469122471e+00,1.170200164091398065e+01,-1.815941903961995951e+00,-8.270661203710600873e+00,7.415447880946423709e+00,-6.518483292479189117e+00,-1.847481211506432786e+01,7.488464015126778506e+00,1.044810132232372402e+00,7.704559281882335853e+00,2.261439199851695392e+00,1.586022001134370196e+00,-1.377850707537486619e+00,6.893675769202213921e+00,-6.574148531227161030e+00,-5.118647513482647682e+00,1.535029736495449804e+01,-4.483696615592243639e-01,-1.068823765462670394e+01,-6.494908678654132572e+00,2.302919401880371364e+00,-8.196571094442706151e-01,-7.928799573707736137e+00,2.293825240292083123e+00,1.012987455888020083e+00,-8.806508599149859506e+00,-8.270287523573759403e-01,8.019296216413422940e-01,-2.666215013488357766e+00,1.167564690466226240e+00,-1.148808020618677261e+01,1.880356842515576554e+00,7.457904466621464223e+00,9.486516818181984778e-01,6.028850636828351206e+00,-4.697737217567500068e+00,2.812620171446648665e-01,-4.055102602721131433e+00,1.665160707547547636e+00,-3.279720402783361521e+00,-2.150718848835113217e+00,2.219421728582415820e-02,-8.154600813310981522e-01,-7.709266174343350819e+00,4.513056941685010592e+00,-2.492169594502744445e+00,3.525576797098531667e+00,-3.942389196486866254e+00,-3.825746836583842625e-01,1.330816356331733452e+00,-5.960684487604925863e-01,-2.699576673315107200e-14,
9.277818575274910273e+00,2.236352616623059575e+01,-2.374751516730344747e+01,7.998624513709912121e-01,9.251714335095741149e+00,6.894964361363252969e+00,-5.452761726923806229e+00,-4.166862941388844277e+00,-7.549445357283686597e+00,2.463597404717095873e+00,3.845357791290028970e+00,1.332897728279370808e+00,2.607775034016362348e+00,5.575938630676638974e-01,2.959335527658985665e+00,-5.158029832925326907e+00,-2.831079046480902583e+00,-2.026508014832129612e-01,-4.649196031939633600e-01,-3.782489085995523137e+00,-4.920652034266113084e+00,-6.164206510144567552e-01,1.441715952321705796e+00,-2.991540855971740687e+00,6.153334380843702434e+00,-5.705406511017960369e+00,8.954893533202209488e-01,7.661297242738005053e+00,1.598354005916262643e+00,-5.323266705626970463e+00,6.706681357430368529e-01,-2.842056698003382120e+00,-2.835943668996067313e+00,-5.936061690228717325e+00,1.622333474678617327e+00,-6.435186570557819508e+00,2.430243752554130499e+00,7.491485025656539065e-01,-4.876420130545426446e+00,3.716453691301152329e+00,-2.642388879440385807e+00,2.740382091260992414e+00,4.220565179129065925e+00,4.247145807762922942e+00,4.582071745490696735e+00,-1.645639612753719422e-02,-7.022074120812912490e+00,5.170549055156275386e+00,-5.258529234950980680e+00,-3.098744149464603748e+00,1.221818886167745033e+00,-6.815658027720680856e+00,-3.348809524423129957e+00,8.181009806400352247e+00,-5.704091579970967274e+00,1.224704726798387355e+01,1.182248965919249351e+01,1.048946318249858400e+01,2.556898891664387996e+00,-6.632975418918718447e-14,
-3.027017029332490949e+01,2.023681000869459901e+00,-1.983948277767125390e+01,-1.640290707194696296e+01,2.024518854512049160e+01,-5.842446975768624817e+00,-2.490406982953497383e+00,1.948639233354718892e+00,3.177877658300565678e+00,5.312396707643476823e+00,2.350466610159530401e+00,-5.170504346896691139e+00,-5.133738324672231457e+00,-1.171147526757283286e+00,-3.429547460354848365e+00,-1.130503185894963014e+00,7.534966517078001580e+00,2.949495843125871097e+00,-1.117164030822545673e+00,-4.201217285956544423e+00,-4.382410496256927246e+00,-2.141855091281579693e+00,-7.230767562948646088e+00,1.729809349739952262e+00,6.059668043234707202e-01,-6.056802599628624328e+00,3.921795903849880194e+00,-1.207055512328411462e+00,-4.228876675946584562e+00,9.173913069051641500e+00,2.632418961702033489e+00,3.555464139119776323e+00,8.079749825578563360e+00,8.575449062773916609e-01,-2.849887745410299100e+00,-4.249161881514549322e+00,-7.134321509924669513e+00,-3.501528018419364230e+00,3.670003540659426466e+00,-4.176328067016851442e+00,3.822558943268024922e+00,1.391722661724715060e+01,-1.497072425211970703e+00,-3.292506506993146953e+00,9.789450041457826046e+00,1.047257168866448396e+01,-2.794357664137662400e+00,7.956381858293485543e+00,-3.296940095706527352e+00,1.312946833260961021e+01,-3.517820845376937289e+00,7.216887783320308003e+00,4.189906711056255340e+00,1.116615218585651936e+00,2.174947803226952026e+00,-5.288046134269579923e+00,3.118181022491875787e+00,1.901560756853700518e+00,1.843337707097955080e-01,7.124596052010545577e-14,
-3.838820492826830466e-01,2.716652404657807907e+01,-1.471963793417830324e+01,7.735633398479874856e+00,1.141186594797468867e+00,1.494150617108811474e+01,-1.183857574525035616e+01,-7.556208862962124684e+00,-7.629364879240061903e+00,-4.143138912958275633e+00,-1.016938102358272866e+00,-8.162636862811092797e+00,1.718134514011712000e+01,-4.132376585964528282e+00,1.673053420212833098e+00,1.009286334820315156e+00,-2.036152531163578061e+01,7.788464823117960734e+00,-1.014648775288230453e+01,-2.493823152715735958e+00,-9.565823092924734539e+00,1.491980350183602866e+00,2.847593143593502241e+00,7.780214584578350134e+00,3.272363113164081794e-01,1.562339894271684404e+00,8.744463978477783783e+00,-5.400371632273683886e+00,-2.184732687101060833e+00,-9.430121755128149985e+00,1.031862907873959401e+00,2.162043479255236544e+00,-6.709674644366125484e+00,-4.890251317210461579e+00,2.315371950680108259e+00,5.291800454255692010e+00,-2.869493693436458326e+00,3.881049115786467052e+00,1.496510066306037068e+01,-1.015341661490739433e+01,8.098054822107398465e+00,3.284887328218666358e+00,5.847888678195706902e+00,-1.765027674623834031e+00,2.935340217550655328e+00,-2.848880336746484776e+00,1.385175079984538815e+00,-4.554156705567433128e-01,3.577862846587795964e+00,4.300630944605222439e+00,9.727371182084660894e-01,-3.382721947913185812e+00,-7.604787540575448368e-01,-9.324388408113019056e-01,-3.379167339619465693e+00,-4.119700852005485636e-01,-4.534600885189092878e+00,-2.749571311778950200e+00,1.035885394211916388e+00,-8.548890761961303042e-14,
-4.495506577752356492e+01,1.943265091664873978e+01,-2.302771366095876360e+01,-5.744062466109474130e+00,1.283500506920369988e+00,1.144029539238921522e+01,-5.707770545339904800e+00,-2.411131677724185352e-01,-5.663681722473296709e+00,-3.005136775939722504e+00,8.410928398483120461e+00,-4.309244689911320592e+00,-2.039862074899646549e-01,-2.844233972638266383e+00,3.830944631571373993e+00,-8.681636588164181045e-01,-1.007854958806299095e+01,2.991648362931785154e+00,-1.730394966054946915e+00,-6.018518106702570591e+00,3.820567192394579870e+00,-2.589302228541671802e+00,2.371454968262790342e+00,-2.639475035677341097e+00,1.803653596255307134e-01,2.478955090989035881e+00,-1.746013779706795610e+00,2.239939152513415355e+00,6.714474155514396969e+00,5.665959685165766757e-01,1.465323065727973884e+00,-2.774583649720055778e+00,1.276129170206924957e-01,3.766865631948337345e+00,-2.845755763174998787e+00,-2.689581315640849013e+00,-2.988270628209307667e+00,-2.416119460321596968e+00,-2.355603338241126110e+00,4.822986119502149727e+00,-3.545939200799526070e+00,-1.516065043095881526e+00,-7.334872760623837529e+00,6.149581383258231781e+00,9.779042214144821443e+00,-6.149909358342019461e-01,1.366437272037275275e+00,-9.700027639010221137e+00,-1.417617838703769095e+01,-3.633456662055984054e+00,8.868182448095323522e+00,1.252095222427114019e+00,-7.538125723368280795e+00,-4.085724246563468220e+00,7.518498292838375896e+00,-8.374495333294559529e+00,1.117804048818594964e+00,-5.416165301110998698e+00,5.699756271650983308e+00,7.036125154735728415e-14,
-1.498561293333057698e+01,2.028743384073516509e+01,-2.449075228781547864e+01,1.198211945068007189e+01,-6.959794598999836879e+00,8.282532815824989569e+00,-1.877204922574121326e+01,1.246352981482034927e+01,2.017818361819259110e+01,2.440915065433727094e+01,4.769386447734628831e+00,2.977523217214563811e+00,-2.640067269539958517e+00,-3.656219517252543127e+00,2.267066373906440546e+01,9.524139053540721989e+00,-8.815286220404093598e+00,-2.420975767194610384e+01,7.152739243423979154e+00,-4.319343468001712871e+00,6.095652192581437756e-01,-6.986106544719677736e+00,-1.193579195666093939e+00,-7.362550865179467330e+00,-8.522191393964250850e+00,-8.583094786449444458e-01,8.627103090688706399e-02,-9.925334592291685354e+00,6.982799460513650303e+00,4.357724842925396302e+00,-1.161935457052065246e+00,-1.887220967180401665e+00,-3.679191158310211041e+00,9.323267791790628145e-01,3.035783410759580470e+00,-2.255767951361835166e+00,1.951635405141274038e-01,-4.154704924489760476e-02,-7.717043905754564781e-01,9.682917239611762428e-01,2.156267423587114429e+00,-2.196565947651057726e+00,6.702587469039682500e-01,-2.325528530317977793e+00,-2.934505664879944575e+00,1.963269654399207031e-01,7.764970627123549130e-02,3.684617455089986837e+00,4.101079160599411466e+00,1.380550827207575049e+00,-3.623221855279254999e+00,-1.294326110147167475e+00,1.156100795862946701e-01,1.170893797459686470e+00,1.179461656708166828e+00,-7.431121971772221002e-01,4.658962971546432574e-01,-1.712082780663556125e+00,-8.231042736630285184e-01,8.671882656408058665e-15,
-2.594671270427547327e+01,1.687462185094349465e+01,-2.144499116315654064e+01,-6.734265500057899700e+00,1.205029803357844154e+00,-7.914163428137966250e+00,1.194530830727720705e+00,-9.324794559289957263e+00,-9.000160892950898273e+00,-7.517630923924106590e+00,7.557255523719310197e+00,-1.509682802676432178e+00,1.411931213988478540e+00,-3.526283889318617693e+00,-9.684990484291015889e-02,2.880220251224607786e+00,1.805568533743699966e+00,-3.428327283363224343e+00,-7.940979583900232619e+00,5.324561931219004229e+00,-4.336773334140755942e+00,-9.902948446175429353e+00,-1.204748764948488482e+00,1.122284272268962768e+00,1.242673979980983212e+01,8.695599531960237272e+00,-9.295359100414945175e+00,1.077448095703750441e+00,4.941723154428266263e+00,7.396644132596222221e+00,2.273937673124646064e-01,-4.568984198924590956e+00,-7.750851239704720896e+00,5.256468768260400104e+00,-1.165890103842217362e+00,2.637359673844525521e+00,1.176549076374247171e+01,-9.239378890405136602e-01,-4.447252362778073120e+00,-1.544566101580151773e+01,-1.543514610669343767e+01,-2.589858117087241229e+00,3.567672571296064188e+00,-6.822375836244397584e-01,-7.000054696060014070e-01,-1.051693229163919163e+00,-5.650636543602544748e+00,3.064753082150784458e+00,-5.333118710907087667e-01,-1.035766261488361706e-01,-8.187542274930301289e+00,3.524255143756258035e-02,3.859328959946564996e+00,-4.812856987424244615e+00,-1.336803506461132329e+00,-3.888432868980170376e+00,-2.568614069316507820e+00,7.275116066671956094e-01,-7.835546775944093323e-01,-7.069952262517276154e-14,
-2.620220681396462581e+01,6.695850378281632764e+00,-2.283357383714148270e+01,-4.570903610247249560e+00,-2.407833261057563679e+00,4.062000419069929258e+00,-7.684486156084376240e+00,3.489987241730335699e-02,6.174982343924502182e+00,-2.468495640003176117e+00,-2.607487138005901706e+00,-6.190549689433810343e+00,8.119141534310740926e-01,1.815178179158991045e-01,-3.562922682809322339e+00,8.419493222760413009e-02,-2.339820678156279588e+00,9.173410233322650598e+00,-1.602628432359647137e+00,8.733278888851464528e-01,-4.229787369717538326e+00,4.606222167723582395e+00,-1.090668114331238492e+01,9.908292516397104066e+00,5.939353878021201183e+00,-7.850984827842253821e+00,1.352932420132276903e+01,-1.493620719517581907e+00,-1.048830217316466218e+01,1.003768932830191574e+01,3.806864250558334994e+00,2.996598124094408622e+00,4.043081710682070451e+00,6.513270172216364173e+00,3.450701742456673493e+00,-6.214302198588673498e+00,-7.334558615561114436e+00,-6.759861348563291905e+00,-2.398951908778993669e+00,3.134624528550815636e+00,-9.450085271154042843e+00,-1.283914961471191241e+01,-8.839459845365663426e+00,1.479740908214847384e+00,-4.583591548457625287e+00,-6.544193353902062249e+00,3.939852299847580674e+00,4.231904983425737399e+00,6.198740269405591086e+00,-2.675490343408464700e+00,-4.757894209862223001e+00,-5.035568031110943643e+00,-2.310913499740428367e+00,3.015585282969368119e+00,3.783698106153147389e+00,3.810751704052035116e+00,-2.248463850361302363e+00,-2.034691952128495629e+00,9.996531606911593926e-01,-1.216561573702534815e-14,
-2.519362684215583670e+01,-2.138493379886708468e+01,8.203330944467150943e+00,-2.472144812846408968e+01,7.556886112952706291e+00,7.820943451041980410e+00,-6.070545694583583396e-01,-1.120086304735747262e+01,1.609474843784328923e+00,-4.477827340714996218e+00,6.153209229907765199e+00,-6.241412042528625470e+00,-2.612761825344840805e+00,3.389447200570367080e+00,2.269033028644690475e+00,-3.078098149660699612e+00,-2.925469209793146508e+00,-1.714036501103497478e+00,-6.853323669973386600e+00,9.070199151068925048e+00,4.537754937615254391e+00,2.238342512979242471e+00,-1.477972094964015382e+00,-8.018365060769854225e+00,-1.495348908003611421e-01,1.891507018284276809e+00,5.181707853968646305e+00,-2.931505000239938763e+00,-1.444060304328174116e+00,-6.306813843311156020e+00,-5.489682866700543507e+00,-7.142047065150160634e+00,2.163971346645865435e+00,-1.214651978647327324e+00,5.979396685508455711e+00,2.614912743384965488e+00,5.754920657759194924e+00,8.370152127417189725e-01,-2.915383575921486337e+00,-3.559759731346278322e+00,-3.933506614939649371e+00,-4.806501734621120292e-01,2.673217874476771172e+00,-1.486268357194685663e+01,-6.791891512257557828e+00,5.880239463315779957e+00,8.974819597634239088e+00,1.144196776712917440e+01,3.367242110475003880e-01,-6.442733160384540581e-01,1.286143484127853043e+01,-1.297253345147700632e+00,-3.127356750633059512e+00,5.097623898455081459e+00,6.949638744253736178e+00,-2.128191370841055363e+00,2.190824975911067174e+00,-1.703776421118814444e-01,2.063882331606385900e+00,-3.983792462580737492e-14,
-2.624133604124430974e+00,5.914086203213710924e+00,-1.854131853361970528e+01,2.571395738600424696e+00,-8.179029895051996846e+00,-1.069866875628805580e+01,-1.531418347474494457e+00,3.302223778493943662e+00,3.496084839848295989e+00,2.986957988395704700e+00,-5.500792025786792827e+00,-6.991810698578381889e+00,-5.985911290479986047e-01,2.950837533863021056e-01,-9.945869842631068991e+00,4.054441747951453401e+00,1.096827378050633683e+00,3.914773582550203357e-01,-5.363350846768057956e+00,8.287066251079004076e+00,9.649632684990688603e+00,7.651797636797879054e-01,5.453415285732813977e+00,2.310092435363127805e+00,3.328678541254845413e+00,6.485777054339021852e+00,2.540006087654119948e+00,4.395104063882533829e+00,1.956019365772300844e+00,-9.286526617117500493e+00,2.732351708826835868e+00,-3.443832938909181074e+00,-2.738476226291991722e+00,7.549767415564147655e+00,1.111039645093901029e+01,-1.070506238591474535e+01,1.000005007997613049e+00,-5.700504834185148972e+00,5.107866349861965860e-01,-4.032063594341916968e+00,1.311488243030602341e+01,1.396730572764699030e+00,-4.228001074228628475e+00,7.567030381823091290e+00,-1.318193709267765179e+01,8.958717083651025703e+00,-1.017506501545744335e+01,-1.670172003045435893e+00,-3.496049926259040763e+00,-2.495372927409337915e+00,-9.750354393152270704e-01,3.209525315526816858e+00,1.191172635027381244e+00,7.614196965754316260e+00,2.953233203547590335e+00,-3.656321905862392474e-01,-4.235901842263879225e+00,-8.161031983092863484e-01,-4.376014640176702220e-02,-3.426295705488691112e-14,
-2.764955680838739838e+01,1.075572061679943658e+01,-1.280376735770572161e+01,7.140090956440991121e+00,-6.583518137335619969e+00,-1.784805942560597103e+01,-3.714343406597960140e+00,3.287163496750023839e+00,6.910906259288212006e+00,-2.325867301026949718e+00,2.788706922647152808e+00,-7.556824420922627183e+00,1.242765565523042071e+01,3.671237666212193052e+00,-8.297010010658693036e-01,3.110836196008677224e-01,8.987444087633914336e+00,4.135631150042117232e-01,-2.783943660037182521e+00,6.881363851135913201e-01,7.633213321696729281e+00,-4.045825369601224075e+00,-1.811181871780472408e+00,2.436091343388627983e+00,-5.922371333695939377e+00,3.992789200911831538e-01,6.915482428051585195e+00,5.898243020531491076e+00,-9.285119131074305088e+00,-9.176607449341966927e+00,8.052340906572643675e+00,-1.382500903546986182e+00,-5.288436863791288189e+00,-7.041778162239010541e+00,-5.037586417292451380e+00,1.001480864364056256e+00,6.945631654674705224e+00,1.194896803960327603e+01,-1.312852199345569204e+01,3.417983829580584665e+00,5.140608169912392000e+00,-1.169778811347376468e+01,-4.563465929309624691e+00,-5.455265552974619681e+00,1.157458775402685092e+01,8.913852123610862321e+00,-2.406375261576105540e-01,-5.412427905697955177e-01,5.423302901290554701e+00,9.257557884551181893e-01,-1.800031430575771196e+00,1.559627717388537782e+00,-1.377774802970031631e+00,-2.747322067880701102e+00,-3.522392610173716410e+00,-2.051528424028891795e+00,-6.206169698387320466e-01,-1.270895127661190838e+00,-4.282095804268745698e-01,1.658874860394066175e-13,
6.650545106520053196e+01,-4.664847806177832013e+00,1.054597002502700143e+01,-7.937791077696069841e+00,-1.813419717114923557e+00,-2.740536943156078653e+00,5.279337830557037314e+00,-5.472956363404045455e+00,-9.447017273084389544e+00,1.781970497894782124e+00,8.451193151735633791e+00,6.329203653173752997e+00,1.393317217315184431e+00,1.035634462445217396e+00,7.735367628147327146e+00,1.743019009823107979e+00,-5.417882034378409983e+00,6.619982946403673019e+00,3.692841301555138678e+00,3.969775732623558095e+00,-8.004901424951418321e+00,-6.677995688589149381e+00,1.732704826499818829e+00,-2.864334597635528556e+00,2.823931257886073132e-01,-2.568997112155068763e+00,6.908572292641781409e+00,5.245367566123948500e-01,1.447154233233622467e+00,-3.575037548279933475e+00,-8.469798366104662746e-01,1.015183073176762463e+01,2.593212565886563681e+00,-7.942949332527710737e+00,3.863916978363961530e+00,7.841339896418909605e-01,-1.251676604548511262e+00,-5.741659206832525619e-01,-3.605231397099756041e+00,8.511003369042940747e+00,-1.874634778724910467e+00,3.164729639877175149e+00,1.950544397793040063e-03,2.437450439244974731e-01,-1.492884327463498417e+00,5.402157052432383644e+00,-2.823899765984944299e+00,9.968083369580799769e+00,-7.880314710560359259e+00,-1.142620926892082167e+01,-7.636473460674984004e+00,-1.326262226502330499e+00,5.813243774247129458e+00,-2.674875884255615288e-01,-4.681155775826040255e+00,-4.787264549739391306e+00,-7.628578270001269424e-01,-1.291718239590477069e+01,-1.094626265832715273e+00,-1.358297155307219839e-13,
-3.089862173408711143e+01,-6.883446384616369151e+00,-1.566950902791950817e+00,3.691648508138897711e+01,-7.133502907675483229e+00,4.191473753573351502e+00,4.834560311715891956e+00,-8.131184441151612319e+00,5.564481893517839950e+00,-1.023454618642423430e-01,-5.528260012413155344e+00,1.901569994048251644e+01,-1.331540806189573090e+01,5.775330270223960838e+00,1.971050530230794351e+01,-1.899830994944208484e+01,-4.433041164448786375e+00,6.781856119601169297e+00,-2.946163388915167936e+00,-6.642829923822434202e-01,-4.790830887998065890e+00,6.897856851977907100e-01,-6.045289963181462944e+00,2.750262567047618845e+00,8.937446584809926264e+00,5.460211044664800006e+00,-1.213449202467488064e+01,5.002774792618836841e+00,-8.787051117141222889e+00,-1.361162601176119757e+00,1.277645206915458721e-03,-7.083275116018143081e+00,-3.147254524633448791e-01,-9.422358852143547736e+00,-5.958760647614674610e+00,-4.320560447897512368e+00,-4.618000788234805754e+00,-6.724487200247197816e-01,-5.028322815989465511e+00,-6.008240979115805125e+00,5.941569921555069023e+00,5.040676217524085345e+00,-5.746975624368246827e+00,-1.889951145104800556e+00,-2.657377754633279743e+00,-1.430983952331158271e+00,2.531534286851074178e+00,1.367500108482757604e+00,2.198686193321002236e+00,-2.000805963476913085e+00,-1.757416295792505467e+00,4.060092269684736799e+00,-3.547186331282071059e+00,2.493648881865587086e+00,1.308923100419013608e+00,-5.967264350227494685e-01,-2.021605003058583705e+00,-2.654331433917030747e+00,-3.501312305032120986e-01,-6.617102699113530662e-14,
3.412729896244457706e+01,-1.775385041023370292e+01,1.402510550530482014e+01,-2.240435153706570759e+01,1.831289274581433091e+01,2.343164797234044983e+01,-4.650846732499751113e+00,-1.828569116079393986e+00,-2.974797462666193937e+00,4.187739280846340506e+00,-4.236004084310021511e+00,6.776258680775759657e-01,2.356017634223776802e-02,1.113804446957579408e+01,1.053088985417394241e+01,6.856912423876805995e+00,-4.204708150976126824e+00,1.428985824122354753e+00,-8.077404163840766316e+00,5.582559163646712008e+00,-2.396767340297945914e+00,-5.450244415627274464e+00,-2.492970892799343474e+00,3.675933297719022885e+00,-8.533192290952211323e+00,5.551960283064636847e+00,2.102984795316896527e+00,6.043770956968705477e+00,2.214381851270506019e+00,-5.488384872564212813e+00,6.452172056019125912e-02,3.053787014479822481e+00,1.056682554687811759e+01,-6.753066906881486808e+00,4.007642117071164911e+00,-9.111364186242886021e+00,-5.168370273337908216e+00,-1.105374634568521558e-01,-6.529630041732038315e+00,-2.547625467790816334e+00,5.983720295209810081e-01,-6.164408869345023412e+00,8.947459300815893135e-01,-1.844389318556304946e+00,-4.726194560019258972e+00,-4.303450480799654976e+00,-6.525764782806536601e+00,-4.453491903810656183e+00,2.143503918843233866e-02,3.003360833103840388e+00,-2.728402863134704148e+00,6.051310979204175489e+00,-1.793048353768464387e-03,-1.392063406002254666e+01,1.535707955251391255e+00,1.467630375576690405e+00,-2.900389339095091890e-01,7.439127089468240861e+00,3.654411889365164479e-01,-8.981183852174723370e-14,
3.356152662648928242e+01,6.676392107466537595e+01,1.530948017561959418e+01,-1.946886816801325182e+01,-1.364787599794071582e+01,-1.052317070345456784e+01,1.001104456260674525e+01,-6.001137696685433731e+00,-3.664643166979786315e+00,-1.392631501014167217e+00,-6.970081716779791492e+00,1.236876181523332185e+01,1.356223326105676108e+01,-4.823539701609433017e+00,-9.023140392031269386e+00,1.299899493376753234e+01,-6.532185365643156771e+00,-1.035032339362196474e+01,-2.067806703510238542e+00,2.869221989466565148e+00,-2.807987054518427783e+00,4.286483102274191381e+00,-7.512624653438821021e+00,2.951071842574245485e-01,4.339543294698118281e+00,4.959639670554218116e-02,-8.624211522913105554e+00,-2.564605579099290544e+00,-2.831256549093586816e+00,3.012456316479384721e+00,8.497843888081151320e+00,3.406849578483202912e+00,7.130108187539833331e+00,-7.538311351078875511e+00,4.574817091692480631e+00,5.643765585869754409e-01,1.505891968217271337e+00,2.992842910876607032e+00,-4.953949526495822653e+00,3.534722781643442779e+00,-1.515510596398668586e+00,1.047512406164850418e+01,-8.124732679785513056e+00,5.439450523379688596e-01,-5.360280154903602323e+00,-1.255116532930169226e+00,3.038325925686800044e+00,-3.090541758985309695e+00,6.454862458728969798e+00,7.442399531642411858e-01,3.199018922195279835e+00,2.290074897513353580e+00,-5.430393168717808194e+00,1.126921860559384037e+00,-1.381963618951729811e-01,-3.804526024608622770e+00,3.142034830533782408e+00,1.507773987859797105e+00,3.456523010536292628e-01,-1.176593544816029180e-13,
-7.459684290051622924e+00,-5.889617677942061036e+00,8.213050266234834140e+00,1.316805242690276323e+01,4.654620731567528091e-01,-2.415032885077663138e+01,5.553038888870737821e+00,-7.121082233879958423e+00,5.682688042514697280e+00,3.638617826524664256e+00,6.993993168335414623e+00,1.206502355136569093e+01,-1.052291655083398147e+01,8.065767009994567749e-02,4.551063445426644094e+00,9.393272531384738500e+00,8.215711708595772045e-01,2.272197565891886928e+00,4.481516800080593832e+00,8.011258567968029709e+00,-8.083108376269489526e+00,1.108365159411758560e-01,-1.623394116181761104e+00,-2.044741354680560619e+00,4.780071567877415717e+00,1.839987766012513237e+00,3.054674668078151356e+00,-6.466960181628397919e+00,-4.031744809014311315e+00,-2.858418813974198613e+00,2.605537761668631269e+00,-1.950323102251785734e+00,-8.259748120415273398e-01,2.212140820418449838e+00,-2.409165391531145062e+00,3.715345999532203791e+00,-7.585720684591499285e+00,-1.236422599162335656e+00,5.388153596380173660e+00,2.240640869477505071e+00,3.241227424607550645e-01,-3.938656442814644887e+00,-1.127653764513711701e-02,8.028700579640100088e+00,-2.204771956632178398e+00,1.057977563380371855e+01,1.514307697747194759e-01,2.869568356760431538e+00,-2.478917762596256402e+00,1.445173248309995717e+00,6.167323558848003984e+00,-1.262928086027618235e+01,-4.163525067899064958e+00,-1.051715712671900960e+01,-3.386339578204339951e+00,-4.298033963690063963e+00,-4.045859483165577863e+00,9.664956600158205902e+00,1.119948129979072782e+00,-3.263535275355167187e-14,
5.880466670026295617e+01,3.337230922976872627e+00,1.485772282501323360e+01,7.805519062880827974e-01,-1.461647748228038601e+01,2.149714328077695669e+01,4.723756789684548707e+00,8.333034471707957413e-01,-2.903062332427780667e+00,-2.757965170710800162e+00,1.514413619172604086e+00,4.861734332044359341e+00,-2.600800344749384152e+00,1.093392749355652782e+01,-6.699029077503879659e-01,8.549531631903057871e+00,-4.228396973239540557e+00,2.252225182221325284e+00,3.995950119644214316e-01,3.918338799641648773e+00,1.195103306308328150e+01,7.082157015850680359e+00,1.313284195090206330e+00,-1.014214721246874618e+01,4.779338935330482485e+00,4.894999135763613118e+00,1.450714713177399640e+00,-1.347453626350849643e+00,-7.195571746440164729e-01,-7.710414455587522475e+00,3.489394123331757136e+00,-1.268394375039961375e+01,-7.041988555614782097e-01,9.635076054729530881e+00,-8.452421254201979650e+00,-6.198085068801076680e+00,-3.650908635811962899e+00,4.300549095537104627e+00,5.088820078284933324e+00,8.875490479157078783e-01,-4.675269178657592839e+00,2.881860375801899465e+00,-1.148551301836226202e+01,-8.505106963805219022e-01,7.099846778132960168e+00,-2.622011615049472777e+00,-3.247352942410477894e+00,2.838977598766711630e+00,4.082803781520616404e+00,5.834876290348517180e+00,-1.650186244780341482e+00,-5.883625020585303567e+00,1.144770636179276124e+01,-8.395971152021033390e-01,-2.004972472906178249e-01,9.466183164306327669e-01,3.889559297083876821e+00,-2.909996200066174765e+00,-1.147044491330567073e+00,1.040053460021894693e-13,
-1.760770346789691487e+01,-1.334248103627453474e+01,2.907890388451959041e+01,1.395983780887193149e+01,-3.110719839582258839e-01,3.283871051002544839e+00,-1.571129774145674318e+01,3.520368509880897889e-01,1.906971540449206159e+01,-2.812552815843188725e+01,8.422794128101882549e+00,1.886722747126806254e+01,1.526126023839502999e+01,-1.970215398309456489e+01,-3.966885733338974429e+00,3.260404347459116559e-01,-3.457097232593142055e-01,4.086427880045572003e+00,-8.322696700361623456e+00,-1.837535873881547488e+01,-2.319628050964975152e+00,2.648105365490058816e+00,-9.109506495325365716e-01,-5.404763929429558189e+00,-6.939808353051599710e+00,3.247547594416134942e+00,-4.625629045090747127e+00,5.534760834169265564e+00,8.394481283889637879e+00,-1.284970353604242721e+00,-1.552876856721324916e+00,4.591512890549355852e+00,3.342397268940453969e+00,8.233052272929874960e+00,4.068516766892201986e+00,-8.629618936260031736e-01,-3.357478047197163473e+00,-1.612097777817714350e+00,-6.985640065972396506e+00,-1.971607573682255365e+00,1.549057381296095937e+00,-1.870750857716541260e+00,-1.296359540481476724e+00,2.222768278893290539e+00,-1.048525317670857326e+00,2.948080668071273891e+00,1.372170809470923736e+00,5.687732823381203673e+00,9.040654358785912836e-03,2.161584361461955872e+00,-4.841492325226666171e-01,-1.693646493746365778e+00,3.482803779795089927e+00,6.384929025730706753e-02,-4.243001786655218321e-01,1.006298073615305766e+00,-1.018373260465928187e-01,1.285226866746778995e+00,-2.185203019478232367e-02,-4.503905928765483679e-14,
-3.328767088953287612e+01,-1.574683188330358696e+01,-1.464888978625188631e+00,-2.121749745827283107e+01,-7.927600037568423019e+00,-1.121833576696330148e+01,-1.648519595781186808e+01,5.269975688892238885e+00,-9.939386004809953601e-01,6.298800600108979353e+00,7.502269684083558987e-01,-4.983944917742620384e-01,2.192166289145359492e+00,-4.250160958646370446e+00,2.716285027275597841e+00,5.466844785894573455e+00,1.065008271658813621e+00,3.637189830590210171e+00,7.020888921188338294e+00,-1.165597613830384072e+00,4.625556731261164067e+00,1.959497128612806005e+00,-1.678888483323302649e+00,-2.734075368258223726e+00,8.261539199724950322e+00,-1.821767502892617685e+00,-2.700581240604296163e+00,-7.988426158826340551e-01,-1.352847927316451315e+00,4.060334333042376009e+00,-5.817980025629330143e+00,-3.438946846556287351e+00,1.081219492505821195e-01,2.233750933651724058e+00,2.706538311073909409e+00,-1.614237076997338205e+00,5.030383836026500743e-01,-1.426371611046248766e-01,2.187045186852203837e+00,-2.368466892826476489e+00,2.828510987318856085e+00,4.938156818719295238e+00,-4.278787108404740636e+00,3.890552485720898401e-01,3.765867699200974972e+00,-1.457467946544941384e+00,2.758501522456695998e+00,2.631709779136992999e+00,3.717521650549561851e+00,-9.050106049127363050e+00,8.208650909327465328e+00,1.056654101872105400e+01,4.407525288533371111e+00,-8.438881735603152023e+00,-1.148020264183366912e+01,1.059831431180439054e+01,-5.609652500342195758e+00,-1.273632892221134183e+00,7.426737175877477171e+00,7.491750275701036799e-14,
-7.516422657209582248e+00,-2.022572348465669378e+01,1.203904180254464507e+01,-2.421970887615549728e+01,2.437186966822217471e+01,-1.545253791165707824e+01,-1.349066586891405350e+01,-3.715091622679984162e+00,4.481971027721376899e+00,1.244421765390015899e+01,2.638495166250296897e+00,-1.838308364475812251e+00,-3.033279216441689741e+00,-2.917082664716700524e+00,5.661175904865279662e+00,-2.239809868626685851e+00,3.492781324722372127e-01,5.748238825154912135e+00,6.304388383226436687e+00,-1.296690856856684837e-01,-8.255132916239393381e+00,4.344160951530734671e+00,-3.621706341220277015e+00,-3.297252331870870634e+00,-1.525690930017732816e+00,-2.430519404955271412e+00,-2.647219207261915397e+00,8.189062544078314687e+00,-2.392296220009940022e+00,-7.517542311192188187e+00,-4.310005050162934559e+00,2.055556634143655081e+00,-2.281397432855085672e+00,5.051266092882319647e+00,-2.322833233107407302e+00,-2.102472561427947806e+00,4.791906947253464111e+00,-2.825628198184782836e+00,-2.535475091589363683e-01,-3.147934654669616528e+00,1.185150656624721632e+00,-2.830787274830627975e+00,6.145848107224721746e-02,6.691300464183779440e+00,-8.036441561172841253e-01,-9.356564714127236115e+00,-4.785740938617184526e+00,-5.320006404300604785e+00,1.030397104577077272e+01,1.741231486978164433e+00,5.141620009751475706e+00,-2.153289807243522258e+00,8.425332352881959030e-01,6.619927966820094767e+00,-6.692310065714701217e+00,-1.285545500197497937e+01,6.513907490945294754e+00,-3.361594932748869446e+00,-1.195546115859930314e+00,-6.133635266358794524e-14,
-2.905940569503165705e+01,-2.062958706431908951e+01,1.722200799490224199e+01,-2.058736289599456981e+01,8.511307825546868600e+00,-1.750655800976472998e+00,2.653118813747901594e+00,5.695902097185509660e+00,7.969092801116245406e-01,2.604934184338786096e+00,7.245403716158725693e+00,-3.171601833975264961e-01,-6.741953236476879718e-01,-5.101710179314528304e+00,5.596659008397655288e-01,3.668118431655953415e+00,4.670406944355035783e+00,-3.444605913664601893e+00,-6.494758718814895637e+00,2.831573647585599041e+00,-2.667569242707132471e+00,4.363678121523524855e-01,-6.239672416570505753e+00,-5.268229798124938412e+00,5.655110987756750696e-01,4.191892255930125266e+00,-8.328912949838720436e+00,-6.277418815726731882e-01,-4.132812893500985574e+00,-3.661446726169248933e+00,5.386977106091753065e+00,2.693127113449455656e+00,1.811259920949446212e-01,5.925225990120464026e+00,-4.328541746192990480e+00,7.789464578359933888e+00,-5.683470523301451749e+00,6.117018127702145591e+00,6.608818310549256836e+00,2.457957009640765023e+00,2.740121281126810970e+00,3.140210998420003286e+00,5.397677320788145217e+00,-2.515269369365764618e-01,6.404767049146051328e+00,-2.113606421753240761e-01,-1.211968659431787287e+01,5.398551322149296450e-01,6.780372256429187949e+00,-9.293643304521332027e+00,-6.400034920160269536e+00,-1.964793715791676387e+00,-9.705808483415307109e+00,1.658143027884390497e+00,1.202601713013501517e+01,7.152097632332569788e+00,-1.395709580030206620e+00,-3.379553745599711334e+00,1.935303176441054651e+00,3.537187903690508506e-14,
-5.010763947203204793e+01,7.366476596280572053e+00,-8.957852789219156620e+00,-1.679353256817330475e+01,7.449671167414200212e-01,-1.372171591148917402e+00,1.168956183694219580e-01,-1.155144350500713513e+00,-2.840386754947200831e+00,-3.007299939451476778e+00,-1.369206927444528210e+00,-1.786321195789334348e+00,1.269522020393400563e+00,-6.720281255395552100e-02,3.702356593827751396e+00,1.347573504242353781e+00,-2.209728974047773242e+00,1.318876837465198459e+00,-9.266386296016393409e-01,-2.897066485196453822e+00,5.099337271331779498e+00,8.731173202984102710e-01,-2.753569119199335002e+00,-5.300956943769126184e-01,-1.319877659215114019e+00,9.784289530377858757e-01,-6.949763505346239212e-01,-7.952169214903553884e-01,-3.103777038417018463e+00,2.077382406937282155e+00,-2.049119025559645202e+00,-4.131630851052898179e-01,-9.300065066929446012e-01,1.888360864815016971e+00,1.131914011221378136e+00,2.278216364096047108e+00,-2.777985498887018512e+00,1.479546084710914866e-01,1.820330191168704870e+00,-8.871261395635790525e-02,3.305367146415847834e+00,9.735676415094369762e-01,-2.345112430968215644e+00,4.700449995455641128e-01,2.687537810882982381e+00,-2.973314919578861737e+00,1.149069271427208605e+00,8.064392283518679871e-01,-5.049690986973349283e+00,-7.574357315381420541e+00,4.927269694815541889e+00,7.110522961561129840e-01,5.214266847440300889e-01,-2.218600501117214741e+00,-7.511221887195059788e-01,2.167514117161190246e+00,4.715100781625818360e-01,2.958066623138374318e+00,-2.271053217036128657e+01,2.042177191241556500e-13,
1.264735360087175842e+01,1.767247974318261683e+01,-1.312530637187591864e+01,6.593755484564248093e+00,2.398217165443252696e+01,1.019055775535291275e+01,-1.926447204706974059e+00,1.115769986882914822e+01,-1.530084691238361394e+01,-5.280927409004523732e+00,-2.055547420011080706e-01,5.795144866168989495e+00,2.257810898630428653e+01,-6.490255300878516875e-02,1.527954267238140496e+01,-8.136808150771971171e+00,6.213677443269889800e+00,-5.450104289000486796e-02,8.114117108249597976e+00,2.201556401506861960e+01,2.962586413557149800e+00,1.794070789965286750e+01,8.889346964228559855e+00,4.143733767627617581e+00,-4.267837712289509255e+00,5.231013497333354856e+00,-8.699123872834075399e+00,-1.007552547764071438e+00,-3.044012435758473245e+00,7.833627620253579060e+00,-5.792331833355232718e+00,4.462309232208922616e+00,1.219573033821734320e+00,1.050079960607536300e+01,-2.092814767140630305e+00,2.044570224136901704e+00,-1.508222116228091991e+00,-2.541189619576151859e+00,-2.705172456322070040e+00,4.055678970731305455e+00,2.711523973622790962e+00,-1.438188733387312901e+00,2.138355460178119394e+00,-1.090936587027111937e+00,-4.347081691146410798e-02,4.674070388208777516e+00,2.220367304308052070e+00,6.533616486919906485e-01,-9.239991134439946852e-02,2.038518788592424524e+00,-1.283789095096497856e+00,-4.281090757726498386e-01,-1.318465297756561849e+00,2.872443221146979697e-01,-2.087467393051269049e+00,2.496898420998935886e-02,1.087863492785000330e-01,-1.177977691885468692e-01,5.690300176031174439e-01,-4.555817528784089632e-14,
4.858646740483332671e+00,4.336395006163098742e+01,7.378619481703167615e+00,-3.123580311603767612e+01,-2.611233545493099939e+01,7.940150600222561472e+00,-2.873919717042285882e+00,-3.035420646120974730e+00,2.551019171229904714e+01,6.528893326467455793e+00,-1.120735095354723576e+01,-7.837361517861963778e-01,-4.453865778580074597e+00,1.463032245684544463e+01,1.992065256660071393e+00,-9.535323839697174009e+00,1.501720401137260197e+01,1.659415945281613247e+01,4.002888738741920527e+00,-9.469087139090706984e+00,-4.678015814548937890e+00,3.639160333813822756e+00,1.465678755195158622e+01,-1.891801248169569183e+00,-1.011582348114332230e+00,1.246215562680397682e+01,-8.471387017565397137e-01,-9.701451527317962231e+00,-5.180088850492664543e-01,1.168121133245887400e+00,-2.207072007493768417e+00,6.185754021141696590e+00,-9.014406468316418231e-01,-7.914744429374999113e-01,2.464540750761176735e+00,-1.071389485204619962e+00,5.239549551045626252e+00,-3.016763981629007940e+00,-1.246053371919146224e+00,-9.061257128766215807e-01,-2.155599855134939791e+00,1.184859890940231475e+00,5.079963341424312162e+00,1.752108906474878713e+00,2.164487309321839525e+00,2.006446350484456964e+00,-4.094687080971084470e-01,-6.105282254336790171e-01,9.068936142839776338e-01,1.362951957881270992e+00,-4.092393304327468506e-01,-3.262965130174270367e+00,-2.640083435327704287e+00,-2.001367155048995095e+00,1.418857286295664766e+00,1.855848522807376666e+00,1.478306945581911724e-01,-1.249148633707955591e+00,1.396333039461609693e-01,-1.314005328156842012e-13,
2.639486495349652628e+01,-4.661994396119497175e+00,-1.229593362920391364e+01,-1.077660639375683616e+01,1.947396717489557671e+00,-1.537791959694851052e+01,-1.638710724412086428e+00,-1.208645928569651851e+01,2.873586229886208709e+00,-4.224327303310196235e+00,4.694866045899125373e-01,1.525357926316250712e+01,-1.356110787138095652e+01,-1.173739184796024304e+01,-6.081203579805613657e+00,-1.036211530933281333e+00,-2.503596031191014593e+00,4.789301891239444373e-03,-1.732309176552838181e+01,6.510272805606413193e+00,1.160925118361998720e+01,8.540569373388912089e-01,1.556104982902522593e+01,1.064104665093690372e+01,-7.068948417356494929e+00,-1.538299796149771081e+00,-1.882236120559699633e-01,-4.360728983906480671e+00,4.423006762917952805e+00,1.256783250956139675e+01,-1.442053925008530513e+01,-5.712087355195420990e+00,-2.668976016422806907e+00,-1.114073288841525411e+01,8.001251140241060211e-01,-2.396281583213297317e+00,-4.501370034028457034e+00,2.483633159037715199e+00,1.882751136124088953e+00,7.333925974312032636e+00,1.286173359538877126e+00,-2.442862100731409303e+00,-4.240104015859951780e-01,2.262171640996029354e-01,5.629281748557646736e+00,-3.699793807085156594e+00,-5.478645737638416335e+00,9.772193306353494924e-01,5.971653365541110148e+00,3.653966186119557702e-01,5.012098570261305230e-01,-1.784401332280866503e+00,1.105108899465488070e+00,1.632625557764472157e+00,4.809591846214298361e-01,-1.711393380155283417e+00,2.652299743116739300e-02,-2.319063715806054804e-01,6.488942801591590648e-01,-1.552152503747628032e-13,
-6.274917385150103222e+00,4.576657713992002385e+00,8.202471193018443074e+00,1.360294184088243341e+01,8.807861314042526590e-01,-1.915408946471140794e+01,3.474833131225957827e-01,-4.220459678606906628e+00,2.045427933977845836e+00,2.981153938976631945e+00,1.316181501103984353e+00,-5.072270491507193668e+00,-1.919418290778560854e+00,-2.219470896801655213e-01,-6.078709854584507077e+00,3.740253431099760828e+00,-2.076722398331933839e+00,-3.703627098611352420e+00,1.043085386790347652e-01,5.086043169938981201e+00,-5.925321309407159731e+00,-2.614562681293098656e+00,-1.422412432111235248e-01,6.997359026905416890e+00,-1.015607990949902062e+00,1.678442807296212536e+00,-4.372854302829021655e+00,2.581392060790889786e+00,-1.583848857778684893e+00,2.384611083844677459e+00,-1.003223541608779135e+00,7.553268364945286972e-01,4.192374180525501592e-02,-1.406412480923777242e+00,-2.865918559838394497e+00,-3.525310563161125899e-01,-2.200919639556812690e+00,-1.791253060778955630e+00,-6.058172895978295447e-01,-4.550119282758655181e+00,1.610776862643897411e+00,-4.773468277179061303e+00,4.700716553611243853e+00,3.297889086646669021e+00,-4.641770213547905755e+00,3.252439772870717505e+00,2.766054194798893473e+00,-2.708151256641043503e+00,-2.045871285247826687e+00,7.321149703940328379e+00,6.104457292659145828e+00,-1.012603950539232134e+00,4.145058550450533730e+00,-7.387420072293095608e+00,4.794444206447574963e+00,1.221635643141256367e+01,1.409334316525031205e+01,-1.325853193854739764e+01,-1.466863472551252157e+00,-3.958985916874269151e-14,